-- Restore courses from old database
-- Generated SQL INSERT statements

-- Insert courses
INSERT INTO public.courses (id, title, description, thumbnail_url, tier_access, status, created_by, organization_id, created_at, updated_at, published_at) VALUES ('877b8746-0c4b-4d3d-b80a-3c027633b9b8', 'What It Means to Be "In Business"', 'For new founders, independent contractors, solopreneurs, and those formalizing their business. Covers business identity, responsibility, and the mindset shift from hustle to operator.', NULL, ARRAY{"free","ai_assistant","ai_operations","ai_enterprise","ai_advisory","ai_tax","ai_compliance"}::TEXT[], 'published', '7461441e-b07b-4d83-babd-107afd371923', NULL, '2026-01-23T00:03:32.703816+00:00', '2026-01-23T00:42:57.760156+00:00', NULL);
INSERT INTO public.courses (id, title, description, thumbnail_url, tier_access, status, created_by, organization_id, created_at, updated_at, published_at) VALUES ('176e432b-ea94-4541-8b98-73e3c48082be', 'Separating Personal & Business Life', 'For first-time owners and independent contractors. Covers money separation, time boundaries, and basic operating discipline.', NULL, ARRAY{"free","ai_assistant","ai_operations","ai_enterprise","ai_advisory","ai_tax","ai_compliance"}::TEXT[], 'published', '7461441e-b07b-4d83-babd-107afd371923', NULL, '2026-01-23T00:03:32.703816+00:00', '2026-01-23T00:43:51.501691+00:00', NULL);
INSERT INTO public.courses (id, title, description, thumbnail_url, tier_access, status, created_by, organization_id, created_at, updated_at, published_at) VALUES ('4b9ec6af-2d68-4ade-aac0-3f7a77d25b89', 'Your First Year in Business', 'For new and transitioning business owners. Covers first-year milestones, money realities, common mistakes, and focus plan.', NULL, ARRAY{"free","ai_assistant","ai_operations","ai_enterprise","ai_advisory","ai_tax","ai_compliance"}::TEXT[], 'published', '7461441e-b07b-4d83-babd-107afd371923', NULL, '2026-01-23T00:03:32.703816+00:00', '2026-01-23T00:43:51.501691+00:00', NULL);
INSERT INTO public.courses (id, title, description, thumbnail_url, tier_access, status, created_by, organization_id, created_at, updated_at, published_at) VALUES ('3753b87c-48a9-403b-be69-d654a8fa5f61', 'SoloLaunch: The Step-by-Step Blueprint for Your First Business', 'Transform your business idea into a legal, operating reality. This course provides first-time solopreneurs with a simplified, actionable roadmap to navigate legalities, branding, and their first sale without the overwhelm.', NULL, ARRAY{"free","ai_assistant","ai_operations","ai_enterprise","ai_advisory","ai_tax","cohort"}::TEXT[], 'published', '7461441e-b07b-4d83-babd-107afd371923', NULL, '2026-01-21T23:30:12.251523+00:00', '2026-01-21T23:32:41.291666+00:00', '2026-01-21T23:32:41.183+00:00');
INSERT INTO public.courses (id, title, description, thumbnail_url, tier_access, status, created_by, organization_id, created_at, updated_at, published_at) VALUES ('cbc3fea7-7d96-4531-bbb2-3706f18e938f', 'How to Open a Business (Sole Prop, LLC, Nonprofit)', 'For anyone starting or formalizing a business. Covers entity options, pros/cons, when to choose which, and next steps checklist.', NULL, ARRAY{"free","ai_assistant","ai_operations","ai_enterprise","ai_advisory","ai_tax","ai_compliance"}::TEXT[], 'published', '7461441e-b07b-4d83-babd-107afd371923', NULL, '2026-01-23T00:03:32.703816+00:00', '2026-01-23T00:03:32.703816+00:00', NULL);
INSERT INTO public.courses (id, title, description, thumbnail_url, tier_access, status, created_by, organization_id, created_at, updated_at, published_at) VALUES ('8719f54c-24c8-4b2c-8b7c-afedd72ad572', 'Business Bank Accounts Explained', 'For anyone earning business income. Covers why separate accounts matter, what to open, and what to avoid.', NULL, ARRAY{"free","ai_assistant","ai_operations","ai_enterprise","ai_advisory","ai_tax","ai_compliance"}::TEXT[], 'published', '7461441e-b07b-4d83-babd-107afd371923', NULL, '2026-01-23T00:03:32.703816+00:00', '2026-01-23T00:03:32.703816+00:00', NULL);
INSERT INTO public.courses (id, title, description, thumbnail_url, tier_access, status, created_by, organization_id, created_at, updated_at, published_at) VALUES ('6cf75479-5156-4ee9-aeaa-f8b627ae1b74', 'What Compliance Means (Plain English)', 'For founders afraid of doing it wrong. Covers what compliance is/isn''t, deadlines, records, and responsibility.', NULL, ARRAY{"free","ai_assistant","ai_operations","ai_enterprise","ai_advisory","ai_tax","ai_compliance"}::TEXT[], 'published', '7461441e-b07b-4d83-babd-107afd371923', NULL, '2026-01-23T00:03:32.703816+00:00', '2026-01-23T00:03:32.703816+00:00', NULL);
INSERT INTO public.courses (id, title, description, thumbnail_url, tier_access, status, created_by, organization_id, created_at, updated_at, published_at) VALUES ('9d09e0b0-027e-4cab-a056-4b8166d95263', 'What a Business Plan Really Is (Not Just for Banks)', 'Required for everyone using the platform. Covers why it matters, what it contains, and how it guides daily operations.', NULL, ARRAY{"free","ai_assistant","ai_operations","ai_enterprise","ai_advisory","ai_tax","ai_compliance"}::TEXT[], 'published', '7461441e-b07b-4d83-babd-107afd371923', NULL, '2026-01-23T00:03:32.703816+00:00', '2026-01-23T00:03:32.703816+00:00', NULL);
INSERT INTO public.courses (id, title, description, thumbnail_url, tier_access, status, created_by, organization_id, created_at, updated_at, published_at) VALUES ('92928361-9b96-49c3-9f56-e10b214451ad', 'Defining Your Business Model', 'For anyone selling a product, service, or program. Covers value proposition, delivery, and how money flows.', NULL, ARRAY{"free","ai_assistant","ai_operations","ai_enterprise","ai_advisory","ai_tax","ai_compliance"}::TEXT[], 'published', '7461441e-b07b-4d83-babd-107afd371923', NULL, '2026-01-23T00:03:32.703816+00:00', '2026-01-23T00:03:32.703816+00:00', NULL);
INSERT INTO public.courses (id, title, description, thumbnail_url, tier_access, status, created_by, organization_id, created_at, updated_at, published_at) VALUES ('1c48533d-688b-4f91-8e0a-f547f9dcba11', 'Identifying Your Customer & Problem', 'For anyone who needs customers, clients, donors, or partners. Covers problem clarity, audience definition, and basic positioning.', NULL, ARRAY{"free","ai_assistant","ai_operations","ai_enterprise","ai_advisory","ai_tax","ai_compliance"}::TEXT[], 'published', '7461441e-b07b-4d83-babd-107afd371923', NULL, '2026-01-23T00:03:32.703816+00:00', '2026-01-23T00:03:32.703816+00:00', NULL);
INSERT INTO public.courses (id, title, description, thumbnail_url, tier_access, status, created_by, organization_id, created_at, updated_at, published_at) VALUES ('421155be-44a8-435e-8871-6d97758c5194', 'Pricing What You Offer', 'For service providers, sellers, and program operators. Covers pricing basics, cost awareness, and sustainable pricing mindset.', NULL, ARRAY{"free","ai_assistant","ai_operations","ai_enterprise","ai_advisory","ai_tax","ai_compliance"}::TEXT[], 'published', '7461441e-b07b-4d83-babd-107afd371923', NULL, '2026-01-23T00:03:32.703816+00:00', '2026-01-23T00:03:32.703816+00:00', NULL);
INSERT INTO public.courses (id, title, description, thumbnail_url, tier_access, status, created_by, organization_id, created_at, updated_at, published_at) VALUES ('cca4e0e5-d58d-422b-ae36-13ac025c77d8', 'Writing Your Business Plan (Step-by-Step)', 'Required for system access. Section-by-section completion with simple templates and checklists.', NULL, ARRAY{"free","ai_assistant","ai_operations","ai_enterprise","ai_advisory","ai_tax","ai_compliance"}::TEXT[], 'published', '7461441e-b07b-4d83-babd-107afd371923', NULL, '2026-01-23T00:03:32.703816+00:00', '2026-01-23T00:03:32.703816+00:00', NULL);
INSERT INTO public.courses (id, title, description, thumbnail_url, tier_access, status, created_by, organization_id, created_at, updated_at, published_at) VALUES ('dff5be79-6283-4531-ae83-ad85fb9b3716', 'How to Run Your Business Day-to-Day', 'For overwhelmed founders without structure. Covers weekly rhythm, monthly responsibilities, and basic SOP thinking.', NULL, ARRAY{"free","ai_assistant","ai_operations","ai_enterprise","ai_advisory","ai_tax","ai_compliance"}::TEXT[], 'published', '7461441e-b07b-4d83-babd-107afd371923', NULL, '2026-01-23T00:03:32.703816+00:00', '2026-01-23T00:03:32.703816+00:00', NULL);
INSERT INTO public.courses (id, title, description, thumbnail_url, tier_access, status, created_by, organization_id, created_at, updated_at, published_at) VALUES ('b5bb703a-0c5a-46d0-9c2a-c90371ab1ac8', 'What "Operations" Actually Means', 'For everyone. Covers definition of ops, departments of a business, and how ops drives stability.', NULL, ARRAY{"free","ai_assistant","ai_operations","ai_enterprise","ai_advisory","ai_tax","ai_compliance"}::TEXT[], 'published', '7461441e-b07b-4d83-babd-107afd371923', NULL, '2026-01-23T00:03:32.703816+00:00', '2026-01-23T00:03:32.703816+00:00', NULL);
INSERT INTO public.courses (id, title, description, thumbnail_url, tier_access, status, created_by, organization_id, created_at, updated_at, published_at) VALUES ('86d73c8b-4b35-41d1-afd0-579e27d747cb', 'Weekly & Monthly Business Responsibilities', 'For founders with no cadence. Covers weekly checklist, monthly checklist, and what not to ignore.', NULL, ARRAY{"free","ai_assistant","ai_operations","ai_enterprise","ai_advisory","ai_tax","ai_compliance"}::TEXT[], 'published', '7461441e-b07b-4d83-babd-107afd371923', NULL, '2026-01-23T00:03:32.703816+00:00', '2026-01-23T00:03:32.703816+00:00', NULL);
INSERT INTO public.courses (id, title, description, thumbnail_url, tier_access, status, created_by, organization_id, created_at, updated_at, published_at) VALUES ('f6ca890b-2f56-467a-a956-05b6bf075456', 'Tools vs Systems (Conceptual)', 'For tool-overloaded users. Covers difference between tools and systems, examples, and decision guide.', NULL, ARRAY{"free","ai_assistant","ai_operations","ai_enterprise","ai_advisory","ai_tax","ai_compliance"}::TEXT[], 'published', '7461441e-b07b-4d83-babd-107afd371923', NULL, '2026-01-23T00:03:32.703816+00:00', '2026-01-23T00:03:32.703816+00:00', NULL);
INSERT INTO public.courses (id, title, description, thumbnail_url, tier_access, status, created_by, organization_id, created_at, updated_at, published_at) VALUES ('9bf7158e-6543-4aee-9657-b8b2c785ec1a', 'What Breaks Businesses Operationally', 'For all users. Covers bottlenecks, inconsistency, disorganization, unclear offers, and no follow-up.', NULL, ARRAY{"free","ai_assistant","ai_operations","ai_enterprise","ai_advisory","ai_tax","ai_compliance"}::TEXT[], 'published', '7461441e-b07b-4d83-babd-107afd371923', NULL, '2026-01-23T00:03:32.703816+00:00', '2026-01-23T00:03:32.703816+00:00', NULL);
INSERT INTO public.courses (id, title, description, thumbnail_url, tier_access, status, created_by, organization_id, created_at, updated_at, published_at) VALUES ('c40f84a4-973e-4edd-85ea-234f424b5380', 'How to Use a Computer for Business', 'For beginners and low-tech users. Covers files/folders, downloads, uploads, and basic navigation.', NULL, ARRAY{"free","ai_assistant","ai_operations","ai_enterprise","ai_advisory","ai_tax","ai_compliance"}::TEXT[], 'published', '7461441e-b07b-4d83-babd-107afd371923', NULL, '2026-01-23T00:03:32.703816+00:00', '2026-01-23T00:03:32.703816+00:00', NULL);
INSERT INTO public.courses (id, title, description, thumbnail_url, tier_access, status, created_by, organization_id, created_at, updated_at, published_at) VALUES ('e4d5d4ca-a922-438b-9f7f-b13635e5fc5a', 'Creating & Managing a Gmail Account', 'For users without a business-ready email identity. Covers creating Gmail, inbox basics, professional naming, and recovery.', NULL, ARRAY{"free","ai_assistant","ai_operations","ai_enterprise","ai_advisory","ai_tax","ai_compliance"}::TEXT[], 'published', '7461441e-b07b-4d83-babd-107afd371923', NULL, '2026-01-23T00:03:32.703816+00:00', '2026-01-23T00:03:32.703816+00:00', NULL);
INSERT INTO public.courses (id, title, description, thumbnail_url, tier_access, status, created_by, organization_id, created_at, updated_at, published_at) VALUES ('18b0153e-7ca7-405f-82b1-6474b85c8c9c', 'Passwords, Logins & Digital Security', 'Mandatory for everyone. Covers password hygiene, 2FA, and phishing awareness.', NULL, ARRAY{"free","ai_assistant","ai_operations","ai_enterprise","ai_advisory","ai_tax","ai_compliance"}::TEXT[], 'published', '7461441e-b07b-4d83-babd-107afd371923', NULL, '2026-01-23T00:03:32.703816+00:00', '2026-01-23T00:03:32.703816+00:00', NULL);
INSERT INTO public.courses (id, title, description, thumbnail_url, tier_access, status, created_by, organization_id, created_at, updated_at, published_at) VALUES ('cab44378-17f3-4219-8f24-f4472112bc13', 'How to Use Google Drive', 'For users who need to store business documents. Covers Drive basics, folders, sharing, and permissions.', NULL, ARRAY{"free","ai_assistant","ai_operations","ai_enterprise","ai_advisory","ai_tax","ai_compliance"}::TEXT[], 'published', '7461441e-b07b-4d83-babd-107afd371923', NULL, '2026-01-23T00:03:32.703816+00:00', '2026-01-23T00:03:32.703816+00:00', NULL);
INSERT INTO public.courses (id, title, description, thumbnail_url, tier_access, status, created_by, organization_id, created_at, updated_at, published_at) VALUES ('785cc1d1-3c13-4a1c-aa4b-22ec01318881', 'Organizing Digital Business Files', 'For anyone who can''t find anything. Covers folder structure, naming rules, and what to save.', NULL, ARRAY{"free","ai_assistant","ai_operations","ai_enterprise","ai_advisory","ai_tax","ai_compliance"}::TEXT[], 'published', '7461441e-b07b-4d83-babd-107afd371923', NULL, '2026-01-23T00:03:32.703816+00:00', '2026-01-23T00:03:32.703816+00:00', NULL);
INSERT INTO public.courses (id, title, description, thumbnail_url, tier_access, status, created_by, organization_id, created_at, updated_at, published_at) VALUES ('2bf40af7-53ea-482f-8245-44c10503e154', 'What Accounting Is (Plain English)', 'For non-financial business owners. Covers income/expense logic, categories, and why it matters.', NULL, ARRAY{"free","ai_assistant","ai_operations","ai_enterprise","ai_advisory","ai_tax","ai_compliance"}::TEXT[], 'published', '7461441e-b07b-4d83-babd-107afd371923', NULL, '2026-01-23T00:03:32.703816+00:00', '2026-01-23T00:03:32.703816+00:00', NULL);
INSERT INTO public.courses (id, title, description, thumbnail_url, tier_access, status, created_by, organization_id, created_at, updated_at, published_at) VALUES ('7b56995f-59a0-4633-b2cd-197dfc73ae85', 'Understanding Cash Flow', 'For anyone who feels broke while making money. Covers timing, inflows/outflows, and why profit isn''t cash.', NULL, ARRAY{"free","ai_assistant","ai_operations","ai_enterprise","ai_advisory","ai_tax","ai_compliance"}::TEXT[], 'published', '7461441e-b07b-4d83-babd-107afd371923', NULL, '2026-01-23T00:03:32.703816+00:00', '2026-01-23T00:03:32.703816+00:00', NULL);
INSERT INTO public.courses (id, title, description, thumbnail_url, tier_access, status, created_by, organization_id, created_at, updated_at, published_at) VALUES ('82986028-a2c6-486a-beca-8c6d35dbed52', 'Expenses vs Income', 'For everyone. Covers common expense types, income types, and separation.', NULL, ARRAY{"free","ai_assistant","ai_operations","ai_enterprise","ai_advisory","ai_tax","ai_compliance"}::TEXT[], 'published', '7461441e-b07b-4d83-babd-107afd371923', NULL, '2026-01-23T00:03:32.703816+00:00', '2026-01-23T00:03:32.703816+00:00', NULL);
INSERT INTO public.courses (id, title, description, thumbnail_url, tier_access, status, created_by, organization_id, created_at, updated_at, published_at) VALUES ('392acef6-342b-46a9-83b3-3bdb1cedcfdd', 'What Records You Must Keep', 'For founders, nonprofits, and 1099 earners. Covers receipts, invoices, bank statements, and donation records.', NULL, ARRAY{"free","ai_assistant","ai_operations","ai_enterprise","ai_advisory","ai_tax","ai_compliance"}::TEXT[], 'published', '7461441e-b07b-4d83-babd-107afd371923', NULL, '2026-01-23T00:03:32.703816+00:00', '2026-01-23T00:03:32.703816+00:00', NULL);
INSERT INTO public.courses (id, title, description, thumbnail_url, tier_access, status, created_by, organization_id, created_at, updated_at, published_at) VALUES ('d6ac4944-ae0d-47fb-8e75-99c64e4a6826', 'What Marketing Actually Is', 'For people who hate selling. Reframes marketing as a repeatable operating function covering definition, consistency, and trust-building.', NULL, ARRAY{"free","ai_assistant","ai_operations","ai_enterprise","ai_advisory","ai_tax","ai_compliance"}::TEXT[], 'published', '7461441e-b07b-4d83-babd-107afd371923', NULL, '2026-01-23T00:03:32.703816+00:00', '2026-01-23T00:03:32.703816+00:00', NULL);
INSERT INTO public.courses (id, title, description, thumbnail_url, tier_access, status, created_by, organization_id, created_at, updated_at, published_at) VALUES ('6588c974-bd9d-477c-a810-4a4934a5e85d', 'Choosing the Right Social Media Platforms', 'For founders unsure where to post. Covers platform selection by business type with simple decision guide.', NULL, ARRAY{"free","ai_assistant","ai_operations","ai_enterprise","ai_advisory","ai_tax","ai_compliance"}::TEXT[], 'published', '7461441e-b07b-4d83-babd-107afd371923', NULL, '2026-01-23T00:03:32.703816+00:00', '2026-01-23T00:03:32.703816+00:00', NULL);
INSERT INTO public.courses (id, title, description, thumbnail_url, tier_access, status, created_by, organization_id, created_at, updated_at, published_at) VALUES ('5ad22063-c496-4593-a6b4-9add6944eea2', 'How to Start Posting (No Overwhelm)', 'For beginners. Covers what to post, simple schedule, and basic content formats.', NULL, ARRAY{"free","ai_assistant","ai_operations","ai_enterprise","ai_advisory","ai_tax","ai_compliance"}::TEXT[], 'published', '7461441e-b07b-4d83-babd-107afd371923', NULL, '2026-01-23T00:03:32.703816+00:00', '2026-01-23T00:03:32.703816+00:00', NULL);
INSERT INTO public.courses (id, title, description, thumbnail_url, tier_access, status, created_by, organization_id, created_at, updated_at, published_at) VALUES ('ee69234c-1db9-42f0-ac9c-d89112ca48f4', 'Talking About Your Business With Confidence', 'For founders who struggle to explain what they do. Covers elevator pitch, simple scripts, and common mistakes.', NULL, ARRAY{"free","ai_assistant","ai_operations","ai_enterprise","ai_advisory","ai_tax","ai_compliance"}::TEXT[], 'published', '7461441e-b07b-4d83-babd-107afd371923', NULL, '2026-01-23T00:03:32.703816+00:00', '2026-01-23T00:03:32.703816+00:00', NULL);
INSERT INTO public.courses (id, title, description, thumbnail_url, tier_access, status, created_by, organization_id, created_at, updated_at, published_at) VALUES ('50990e53-4fac-4d69-bab4-bac8e94b0420', 'How Independent Contractors & Gig Workers Benefit from Virtual OPS Hub', 'For 1099 earners, freelancers, gig workers, and side-hustlers. Covers what to track, how to stay ready, and when to upgrade.', NULL, ARRAY{"free","ai_assistant","ai_operations","ai_enterprise","ai_advisory","ai_tax","ai_compliance"}::TEXT[], 'published', '7461441e-b07b-4d83-babd-107afd371923', NULL, '2026-01-23T00:03:32.703816+00:00', '2026-01-23T00:03:32.703816+00:00', NULL);
INSERT INTO public.courses (id, title, description, thumbnail_url, tier_access, status, created_by, organization_id, created_at, updated_at, published_at) VALUES ('4af70ec9-df2f-4e3a-af66-91c54241c93a', 'How to Go from Idea to Funded', 'Transform your business idea into a funded reality. Learn validation techniques, pitch strategies, and funding options from bootstrapping to venture capital.', NULL, ARRAY{"free"}::TEXT[], 'published', '7461441e-b07b-4d83-babd-107afd371923', NULL, '2026-01-23T00:28:59.642708+00:00', '2026-01-23T00:28:59.642708+00:00', '2026-01-23T00:28:59.642708+00:00');

-- Insert lessons
INSERT INTO public.course_lessons (id, course_id, title, content, video_url, lesson_type, order_index, duration_minutes, created_at, updated_at) VALUES ('c9e93fa5-684a-41b0-b1cc-018c2385f462', '3753b87c-48a9-403b-be69-d654a8fa5f61', 'The Legal Launch: Getting Registered', '### Choosing Your Structure
For a solopreneur, the two most common paths are the **Sole Proprietorship** and the **LLC (Limited Liability Company)**.

*   **Sole Proprietorship:** Easiest to start. No separate legal entity. You and the business are one. Note: You are personally liable for business debts.
*   **LLC:** Creates a ''corporate veil'' that protects your personal assets (like your house or car) from business liabilities. Recommended for most solopreneurs as they grow.

### The Paperwork Path
1.  **Register your Name:** If you aren''t using your own name (e.g., ''John Doe Consulting''), you may need a DBA (''Doing Business As'').
2.  **EIN (Employer Identification Number):** Think of this as a Social Security Number for your business. It’s free from the IRS and allows you to open a business bank account.
3.  **Permits and Licenses:** Depending on your industry (e.g., food service, professional coaching), you may need local permits. Check your Secretary of State''s website.', NULL, 'text', 1, 30, '2026-01-21T23:30:13.048623+00:00', '2026-01-21T23:30:13.048623+00:00');
INSERT INTO public.course_lessons (id, course_id, title, content, video_url, lesson_type, order_index, duration_minutes, created_at, updated_at) VALUES ('f3bfe0c9-705c-4fa9-9470-aad105caaa99', '3753b87c-48a9-403b-be69-d654a8fa5f61', 'The First Sale: Marketing and Launch', '### The ''Warm Market'' Strategy
Your first customer is likely someone you already know or someone they know. 
*   **The Reach Out:** Send a personal (not automated) message to 20 people in your network. Don''t say ''I''m starting a business, buy from me.'' Say, ''I''m starting a new venture doing X. If you know anyone looking for help with Y, I''d love an intro.''

### Content as a Magnet
Stop ''selling'' and start ''teaching.'' Share one tip a day on LinkedIn or Instagram related to your niche. If you are a bookkeeper, share ''3 things to tell your accountant.'' This builds **Authority**.

### Closing the Deal
When someone shows interest, move them to a call or an email. Focus on their ''Pain Points.'' Ask questions 80% of the time, and talk 20%. Your ''pitch'' should be: ''Based on what you told me, I recommend [Service] because it will solve [Problem].''

### The Feedback Loop
After your first sale, ask for a testimonial immediately. This social proof makes the second sale 10x easier than the first.', NULL, 'text', 4, 30, '2026-01-21T23:30:14.506198+00:00', '2026-01-21T23:30:14.506198+00:00');
INSERT INTO public.course_lessons (id, course_id, title, content, video_url, lesson_type, order_index, duration_minutes, created_at, updated_at) VALUES ('2c5b4089-73ef-416f-b81f-43e5e265f2bf', '877b8746-0c4b-4d3d-b80a-3c027633b9b8', 'Introduction & Overview', 'Welcome to this course! In this lesson, you''ll learn the core concepts and why they matter for your business journey.

## What You''ll Learn
- Key definitions and terminology
- Why this topic is essential for business success
- What Virtual OPS Hub will help you accomplish

## Getting Started
Take notes as you go. Each concept builds on the previous one.', NULL, 'text', 0, 10, '2026-01-23T00:05:59.6043+00:00', '2026-01-23T00:05:59.6043+00:00');
INSERT INTO public.course_lessons (id, course_id, title, content, video_url, lesson_type, order_index, duration_minutes, created_at, updated_at) VALUES ('0e9e528b-1eca-417b-9783-2e21d87b0e40', 'cbc3fea7-7d96-4531-bbb2-3706f18e938f', 'Introduction & Overview', 'Welcome to this course! In this lesson, you''ll learn the core concepts and why they matter for your business journey.

## What You''ll Learn
- Key definitions and terminology
- Why this topic is essential for business success
- What Virtual OPS Hub will help you accomplish

## Getting Started
Take notes as you go. Each concept builds on the previous one.', NULL, 'text', 0, 10, '2026-01-23T00:05:59.6043+00:00', '2026-01-23T00:05:59.6043+00:00');
INSERT INTO public.course_lessons (id, course_id, title, content, video_url, lesson_type, order_index, duration_minutes, created_at, updated_at) VALUES ('96d5fe34-5576-41d2-aa47-7415f2370dfd', '176e432b-ea94-4541-8b98-73e3c48082be', 'Introduction & Overview', 'Welcome to this course! In this lesson, you''ll learn the core concepts and why they matter for your business journey.

## What You''ll Learn
- Key definitions and terminology
- Why this topic is essential for business success
- What Virtual OPS Hub will help you accomplish

## Getting Started
Take notes as you go. Each concept builds on the previous one.', NULL, 'text', 0, 10, '2026-01-23T00:05:59.6043+00:00', '2026-01-23T00:05:59.6043+00:00');
INSERT INTO public.course_lessons (id, course_id, title, content, video_url, lesson_type, order_index, duration_minutes, created_at, updated_at) VALUES ('2dbf699d-9562-4c58-8367-45e1bbcc2fe5', '8719f54c-24c8-4b2c-8b7c-afedd72ad572', 'Introduction & Overview', 'Welcome to this course! In this lesson, you''ll learn the core concepts and why they matter for your business journey.

## What You''ll Learn
- Key definitions and terminology
- Why this topic is essential for business success
- What Virtual OPS Hub will help you accomplish

## Getting Started
Take notes as you go. Each concept builds on the previous one.', NULL, 'text', 0, 10, '2026-01-23T00:05:59.6043+00:00', '2026-01-23T00:05:59.6043+00:00');
INSERT INTO public.course_lessons (id, course_id, title, content, video_url, lesson_type, order_index, duration_minutes, created_at, updated_at) VALUES ('8c986c23-21b2-4576-b5a9-e5ad7a5c705e', '6cf75479-5156-4ee9-aeaa-f8b627ae1b74', 'Introduction & Overview', 'Welcome to this course! In this lesson, you''ll learn the core concepts and why they matter for your business journey.

## What You''ll Learn
- Key definitions and terminology
- Why this topic is essential for business success
- What Virtual OPS Hub will help you accomplish

## Getting Started
Take notes as you go. Each concept builds on the previous one.', NULL, 'text', 0, 10, '2026-01-23T00:05:59.6043+00:00', '2026-01-23T00:05:59.6043+00:00');
INSERT INTO public.course_lessons (id, course_id, title, content, video_url, lesson_type, order_index, duration_minutes, created_at, updated_at) VALUES ('c223a918-b3df-471d-b980-e38276dd94ba', '9d09e0b0-027e-4cab-a056-4b8166d95263', 'Introduction & Overview', 'Welcome to this course! In this lesson, you''ll learn the core concepts and why they matter for your business journey.

## What You''ll Learn
- Key definitions and terminology
- Why this topic is essential for business success
- What Virtual OPS Hub will help you accomplish

## Getting Started
Take notes as you go. Each concept builds on the previous one.', NULL, 'text', 0, 10, '2026-01-23T00:05:59.6043+00:00', '2026-01-23T00:05:59.6043+00:00');
INSERT INTO public.course_lessons (id, course_id, title, content, video_url, lesson_type, order_index, duration_minutes, created_at, updated_at) VALUES ('7de2b764-ff18-4817-b559-93c30f5b575e', '92928361-9b96-49c3-9f56-e10b214451ad', 'Introduction & Overview', 'Welcome to this course! In this lesson, you''ll learn the core concepts and why they matter for your business journey.

## What You''ll Learn
- Key definitions and terminology
- Why this topic is essential for business success
- What Virtual OPS Hub will help you accomplish

## Getting Started
Take notes as you go. Each concept builds on the previous one.', NULL, 'text', 0, 10, '2026-01-23T00:05:59.6043+00:00', '2026-01-23T00:05:59.6043+00:00');
INSERT INTO public.course_lessons (id, course_id, title, content, video_url, lesson_type, order_index, duration_minutes, created_at, updated_at) VALUES ('fcebca01-0597-4bb1-a48e-3e0860f2e307', '1c48533d-688b-4f91-8e0a-f547f9dcba11', 'Introduction & Overview', 'Welcome to this course! In this lesson, you''ll learn the core concepts and why they matter for your business journey.

## What You''ll Learn
- Key definitions and terminology
- Why this topic is essential for business success
- What Virtual OPS Hub will help you accomplish

## Getting Started
Take notes as you go. Each concept builds on the previous one.', NULL, 'text', 0, 10, '2026-01-23T00:05:59.6043+00:00', '2026-01-23T00:05:59.6043+00:00');
INSERT INTO public.course_lessons (id, course_id, title, content, video_url, lesson_type, order_index, duration_minutes, created_at, updated_at) VALUES ('4b2b54d1-18aa-48ef-8341-542146ad0d3d', '421155be-44a8-435e-8871-6d97758c5194', 'Introduction & Overview', 'Welcome to this course! In this lesson, you''ll learn the core concepts and why they matter for your business journey.

## What You''ll Learn
- Key definitions and terminology
- Why this topic is essential for business success
- What Virtual OPS Hub will help you accomplish

## Getting Started
Take notes as you go. Each concept builds on the previous one.', NULL, 'text', 0, 10, '2026-01-23T00:05:59.6043+00:00', '2026-01-23T00:05:59.6043+00:00');
INSERT INTO public.course_lessons (id, course_id, title, content, video_url, lesson_type, order_index, duration_minutes, created_at, updated_at) VALUES ('b7dd072b-2c62-4331-9fcc-824ecf8e3893', 'cca4e0e5-d58d-422b-ae36-13ac025c77d8', 'Introduction & Overview', 'Welcome to this course! In this lesson, you''ll learn the core concepts and why they matter for your business journey.

## What You''ll Learn
- Key definitions and terminology
- Why this topic is essential for business success
- What Virtual OPS Hub will help you accomplish

## Getting Started
Take notes as you go. Each concept builds on the previous one.', NULL, 'text', 0, 10, '2026-01-23T00:05:59.6043+00:00', '2026-01-23T00:05:59.6043+00:00');
INSERT INTO public.course_lessons (id, course_id, title, content, video_url, lesson_type, order_index, duration_minutes, created_at, updated_at) VALUES ('4ac885c8-f14b-4f36-a734-a18fb765e4fe', '4b9ec6af-2d68-4ade-aac0-3f7a77d25b89', 'Introduction & Overview', 'Welcome to this course! In this lesson, you''ll learn the core concepts and why they matter for your business journey.

## What You''ll Learn
- Key definitions and terminology
- Why this topic is essential for business success
- What Virtual OPS Hub will help you accomplish

## Getting Started
Take notes as you go. Each concept builds on the previous one.', NULL, 'text', 0, 10, '2026-01-23T00:05:59.6043+00:00', '2026-01-23T00:05:59.6043+00:00');
INSERT INTO public.course_lessons (id, course_id, title, content, video_url, lesson_type, order_index, duration_minutes, created_at, updated_at) VALUES ('a066ef86-3b66-42da-9711-33e18d9d186e', 'dff5be79-6283-4531-ae83-ad85fb9b3716', 'Introduction & Overview', 'Welcome to this course! In this lesson, you''ll learn the core concepts and why they matter for your business journey.

## What You''ll Learn
- Key definitions and terminology
- Why this topic is essential for business success
- What Virtual OPS Hub will help you accomplish

## Getting Started
Take notes as you go. Each concept builds on the previous one.', NULL, 'text', 0, 10, '2026-01-23T00:05:59.6043+00:00', '2026-01-23T00:05:59.6043+00:00');
INSERT INTO public.course_lessons (id, course_id, title, content, video_url, lesson_type, order_index, duration_minutes, created_at, updated_at) VALUES ('f4ee5df0-74e4-4b0a-84f0-dd4500e5bd22', '3753b87c-48a9-403b-be69-d654a8fa5f61', 'Practical Application & Next Steps', 'Now it''s time to put what you''ve learned into action!

## Your Action Items
1. Review the key concepts from this course
2. Complete the checklist below
3. Apply at least one insight to your business this week

## Checklist
- [ ] I understand the core concepts
- [ ] I''ve identified how this applies to my business
- [ ] I know my next step to implement

## What''s Next
Continue to the next course in your learning path, or explore related topics in the Virtual OPS Hub Academy.

Remember: VOPSy is here to help you apply these concepts when you''re ready!', NULL, 'text', 2, 8, '2026-01-23T00:06:32.9303+00:00', '2026-01-23T00:06:32.9303+00:00');
INSERT INTO public.course_lessons (id, course_id, title, content, video_url, lesson_type, order_index, duration_minutes, created_at, updated_at) VALUES ('0899b463-eaa4-453a-b5e4-e593c5fc39dc', '877b8746-0c4b-4d3d-b80a-3c027633b9b8', 'Practical Application & Next Steps', 'Now it''s time to put what you''ve learned into action!

## Your Action Items
1. Review the key concepts from this course
2. Complete the checklist below
3. Apply at least one insight to your business this week

## Checklist
- [ ] I understand the core concepts
- [ ] I''ve identified how this applies to my business
- [ ] I know my next step to implement

## What''s Next
Continue to the next course in your learning path, or explore related topics in the Virtual OPS Hub Academy.

Remember: VOPSy is here to help you apply these concepts when you''re ready!', NULL, 'text', 2, 8, '2026-01-23T00:06:32.9303+00:00', '2026-01-23T00:06:32.9303+00:00');
INSERT INTO public.course_lessons (id, course_id, title, content, video_url, lesson_type, order_index, duration_minutes, created_at, updated_at) VALUES ('d7e338e7-6902-44d1-9094-c8835cf1a593', 'cbc3fea7-7d96-4531-bbb2-3706f18e938f', 'Practical Application & Next Steps', 'Now it''s time to put what you''ve learned into action!

## Your Action Items
1. Review the key concepts from this course
2. Complete the checklist below
3. Apply at least one insight to your business this week

## Checklist
- [ ] I understand the core concepts
- [ ] I''ve identified how this applies to my business
- [ ] I know my next step to implement

## What''s Next
Continue to the next course in your learning path, or explore related topics in the Virtual OPS Hub Academy.

Remember: VOPSy is here to help you apply these concepts when you''re ready!', NULL, 'text', 2, 8, '2026-01-23T00:06:32.9303+00:00', '2026-01-23T00:06:32.9303+00:00');
INSERT INTO public.course_lessons (id, course_id, title, content, video_url, lesson_type, order_index, duration_minutes, created_at, updated_at) VALUES ('d5e51719-1ba0-4a8e-b285-ff20fe925c0a', '176e432b-ea94-4541-8b98-73e3c48082be', 'Practical Application & Next Steps', 'Now it''s time to put what you''ve learned into action!

## Your Action Items
1. Review the key concepts from this course
2. Complete the checklist below
3. Apply at least one insight to your business this week

## Checklist
- [ ] I understand the core concepts
- [ ] I''ve identified how this applies to my business
- [ ] I know my next step to implement

## What''s Next
Continue to the next course in your learning path, or explore related topics in the Virtual OPS Hub Academy.

Remember: VOPSy is here to help you apply these concepts when you''re ready!', NULL, 'text', 2, 8, '2026-01-23T00:06:32.9303+00:00', '2026-01-23T00:06:32.9303+00:00');
INSERT INTO public.course_lessons (id, course_id, title, content, video_url, lesson_type, order_index, duration_minutes, created_at, updated_at) VALUES ('8e64c977-34ab-4fdb-a562-c4bfaebbeff7', '8719f54c-24c8-4b2c-8b7c-afedd72ad572', 'Practical Application & Next Steps', 'Now it''s time to put what you''ve learned into action!

## Your Action Items
1. Review the key concepts from this course
2. Complete the checklist below
3. Apply at least one insight to your business this week

## Checklist
- [ ] I understand the core concepts
- [ ] I''ve identified how this applies to my business
- [ ] I know my next step to implement

## What''s Next
Continue to the next course in your learning path, or explore related topics in the Virtual OPS Hub Academy.

Remember: VOPSy is here to help you apply these concepts when you''re ready!', NULL, 'text', 2, 8, '2026-01-23T00:06:32.9303+00:00', '2026-01-23T00:06:32.9303+00:00');
INSERT INTO public.course_lessons (id, course_id, title, content, video_url, lesson_type, order_index, duration_minutes, created_at, updated_at) VALUES ('a7aade52-ac61-4984-ab1e-b95a26d309db', '6cf75479-5156-4ee9-aeaa-f8b627ae1b74', 'Practical Application & Next Steps', 'Now it''s time to put what you''ve learned into action!

## Your Action Items
1. Review the key concepts from this course
2. Complete the checklist below
3. Apply at least one insight to your business this week

## Checklist
- [ ] I understand the core concepts
- [ ] I''ve identified how this applies to my business
- [ ] I know my next step to implement

## What''s Next
Continue to the next course in your learning path, or explore related topics in the Virtual OPS Hub Academy.

Remember: VOPSy is here to help you apply these concepts when you''re ready!', NULL, 'text', 2, 8, '2026-01-23T00:06:32.9303+00:00', '2026-01-23T00:06:32.9303+00:00');
INSERT INTO public.course_lessons (id, course_id, title, content, video_url, lesson_type, order_index, duration_minutes, created_at, updated_at) VALUES ('31295894-a67b-47ba-b69a-34a2e3df980f', '9d09e0b0-027e-4cab-a056-4b8166d95263', 'Practical Application & Next Steps', 'Now it''s time to put what you''ve learned into action!

## Your Action Items
1. Review the key concepts from this course
2. Complete the checklist below
3. Apply at least one insight to your business this week

## Checklist
- [ ] I understand the core concepts
- [ ] I''ve identified how this applies to my business
- [ ] I know my next step to implement

## What''s Next
Continue to the next course in your learning path, or explore related topics in the Virtual OPS Hub Academy.

Remember: VOPSy is here to help you apply these concepts when you''re ready!', NULL, 'text', 2, 8, '2026-01-23T00:06:32.9303+00:00', '2026-01-23T00:06:32.9303+00:00');
INSERT INTO public.course_lessons (id, course_id, title, content, video_url, lesson_type, order_index, duration_minutes, created_at, updated_at) VALUES ('814b1034-7e01-49e1-b835-45fa4032e0ef', '92928361-9b96-49c3-9f56-e10b214451ad', 'Practical Application & Next Steps', 'Now it''s time to put what you''ve learned into action!

## Your Action Items
1. Review the key concepts from this course
2. Complete the checklist below
3. Apply at least one insight to your business this week

## Checklist
- [ ] I understand the core concepts
- [ ] I''ve identified how this applies to my business
- [ ] I know my next step to implement

## What''s Next
Continue to the next course in your learning path, or explore related topics in the Virtual OPS Hub Academy.

Remember: VOPSy is here to help you apply these concepts when you''re ready!', NULL, 'text', 2, 8, '2026-01-23T00:06:32.9303+00:00', '2026-01-23T00:06:32.9303+00:00');
INSERT INTO public.course_lessons (id, course_id, title, content, video_url, lesson_type, order_index, duration_minutes, created_at, updated_at) VALUES ('9135cc64-a01b-46ab-9059-0d56e7531292', '1c48533d-688b-4f91-8e0a-f547f9dcba11', 'Practical Application & Next Steps', 'Now it''s time to put what you''ve learned into action!

## Your Action Items
1. Review the key concepts from this course
2. Complete the checklist below
3. Apply at least one insight to your business this week

## Checklist
- [ ] I understand the core concepts
- [ ] I''ve identified how this applies to my business
- [ ] I know my next step to implement

## What''s Next
Continue to the next course in your learning path, or explore related topics in the Virtual OPS Hub Academy.

Remember: VOPSy is here to help you apply these concepts when you''re ready!', NULL, 'text', 2, 8, '2026-01-23T00:06:32.9303+00:00', '2026-01-23T00:06:32.9303+00:00');
INSERT INTO public.course_lessons (id, course_id, title, content, video_url, lesson_type, order_index, duration_minutes, created_at, updated_at) VALUES ('0d220bcd-de0e-4f30-ad7c-b0b9efe494c5', '421155be-44a8-435e-8871-6d97758c5194', 'Practical Application & Next Steps', 'Now it''s time to put what you''ve learned into action!

## Your Action Items
1. Review the key concepts from this course
2. Complete the checklist below
3. Apply at least one insight to your business this week

## Checklist
- [ ] I understand the core concepts
- [ ] I''ve identified how this applies to my business
- [ ] I know my next step to implement

## What''s Next
Continue to the next course in your learning path, or explore related topics in the Virtual OPS Hub Academy.

Remember: VOPSy is here to help you apply these concepts when you''re ready!', NULL, 'text', 2, 8, '2026-01-23T00:06:32.9303+00:00', '2026-01-23T00:06:32.9303+00:00');
INSERT INTO public.course_lessons (id, course_id, title, content, video_url, lesson_type, order_index, duration_minutes, created_at, updated_at) VALUES ('05e9e919-f473-4d10-9986-464ca4883521', 'cca4e0e5-d58d-422b-ae36-13ac025c77d8', 'Practical Application & Next Steps', 'Now it''s time to put what you''ve learned into action!

## Your Action Items
1. Review the key concepts from this course
2. Complete the checklist below
3. Apply at least one insight to your business this week

## Checklist
- [ ] I understand the core concepts
- [ ] I''ve identified how this applies to my business
- [ ] I know my next step to implement

## What''s Next
Continue to the next course in your learning path, or explore related topics in the Virtual OPS Hub Academy.

Remember: VOPSy is here to help you apply these concepts when you''re ready!', NULL, 'text', 2, 8, '2026-01-23T00:06:32.9303+00:00', '2026-01-23T00:06:32.9303+00:00');
INSERT INTO public.course_lessons (id, course_id, title, content, video_url, lesson_type, order_index, duration_minutes, created_at, updated_at) VALUES ('1890591c-f10e-4cba-9fd1-669424b617c2', '4b9ec6af-2d68-4ade-aac0-3f7a77d25b89', 'Practical Application & Next Steps', 'Now it''s time to put what you''ve learned into action!

## Your Action Items
1. Review the key concepts from this course
2. Complete the checklist below
3. Apply at least one insight to your business this week

## Checklist
- [ ] I understand the core concepts
- [ ] I''ve identified how this applies to my business
- [ ] I know my next step to implement

## What''s Next
Continue to the next course in your learning path, or explore related topics in the Virtual OPS Hub Academy.

Remember: VOPSy is here to help you apply these concepts when you''re ready!', NULL, 'text', 2, 8, '2026-01-23T00:06:32.9303+00:00', '2026-01-23T00:06:32.9303+00:00');
INSERT INTO public.course_lessons (id, course_id, title, content, video_url, lesson_type, order_index, duration_minutes, created_at, updated_at) VALUES ('32424563-08b4-4c44-8ccd-16cb372c62a5', 'dff5be79-6283-4531-ae83-ad85fb9b3716', 'Practical Application & Next Steps', 'Now it''s time to put what you''ve learned into action!

## Your Action Items
1. Review the key concepts from this course
2. Complete the checklist below
3. Apply at least one insight to your business this week

## Checklist
- [ ] I understand the core concepts
- [ ] I''ve identified how this applies to my business
- [ ] I know my next step to implement

## What''s Next
Continue to the next course in your learning path, or explore related topics in the Virtual OPS Hub Academy.

Remember: VOPSy is here to help you apply these concepts when you''re ready!', NULL, 'text', 2, 8, '2026-01-23T00:06:32.9303+00:00', '2026-01-23T00:06:32.9303+00:00');
INSERT INTO public.course_lessons (id, course_id, title, content, video_url, lesson_type, order_index, duration_minutes, created_at, updated_at) VALUES ('23511c27-b45f-4ed1-beae-8c552282a326', 'b5bb703a-0c5a-46d0-9c2a-c90371ab1ac8', 'Practical Application & Next Steps', 'Now it''s time to put what you''ve learned into action!

## Your Action Items
1. Review the key concepts from this course
2. Complete the checklist below
3. Apply at least one insight to your business this week

## Checklist
- [ ] I understand the core concepts
- [ ] I''ve identified how this applies to my business
- [ ] I know my next step to implement

## What''s Next
Continue to the next course in your learning path, or explore related topics in the Virtual OPS Hub Academy.

Remember: VOPSy is here to help you apply these concepts when you''re ready!', NULL, 'text', 2, 8, '2026-01-23T00:06:32.9303+00:00', '2026-01-23T00:06:32.9303+00:00');
INSERT INTO public.course_lessons (id, course_id, title, content, video_url, lesson_type, order_index, duration_minutes, created_at, updated_at) VALUES ('f0edfae4-15e9-4feb-9e3d-fb87cea31584', '86d73c8b-4b35-41d1-afd0-579e27d747cb', 'Practical Application & Next Steps', 'Now it''s time to put what you''ve learned into action!

## Your Action Items
1. Review the key concepts from this course
2. Complete the checklist below
3. Apply at least one insight to your business this week

## Checklist
- [ ] I understand the core concepts
- [ ] I''ve identified how this applies to my business
- [ ] I know my next step to implement

## What''s Next
Continue to the next course in your learning path, or explore related topics in the Virtual OPS Hub Academy.

Remember: VOPSy is here to help you apply these concepts when you''re ready!', NULL, 'text', 2, 8, '2026-01-23T00:06:32.9303+00:00', '2026-01-23T00:06:32.9303+00:00');
INSERT INTO public.course_lessons (id, course_id, title, content, video_url, lesson_type, order_index, duration_minutes, created_at, updated_at) VALUES ('880072d0-771c-4650-9f26-fc42f97d28f0', 'f6ca890b-2f56-467a-a956-05b6bf075456', 'Practical Application & Next Steps', 'Now it''s time to put what you''ve learned into action!

## Your Action Items
1. Review the key concepts from this course
2. Complete the checklist below
3. Apply at least one insight to your business this week

## Checklist
- [ ] I understand the core concepts
- [ ] I''ve identified how this applies to my business
- [ ] I know my next step to implement

## What''s Next
Continue to the next course in your learning path, or explore related topics in the Virtual OPS Hub Academy.

Remember: VOPSy is here to help you apply these concepts when you''re ready!', NULL, 'text', 2, 8, '2026-01-23T00:06:32.9303+00:00', '2026-01-23T00:06:32.9303+00:00');
INSERT INTO public.course_lessons (id, course_id, title, content, video_url, lesson_type, order_index, duration_minutes, created_at, updated_at) VALUES ('61e474e1-08ad-41b9-956c-58cb2399c12f', '9bf7158e-6543-4aee-9657-b8b2c785ec1a', 'Practical Application & Next Steps', 'Now it''s time to put what you''ve learned into action!

## Your Action Items
1. Review the key concepts from this course
2. Complete the checklist below
3. Apply at least one insight to your business this week

## Checklist
- [ ] I understand the core concepts
- [ ] I''ve identified how this applies to my business
- [ ] I know my next step to implement

## What''s Next
Continue to the next course in your learning path, or explore related topics in the Virtual OPS Hub Academy.

Remember: VOPSy is here to help you apply these concepts when you''re ready!', NULL, 'text', 2, 8, '2026-01-23T00:06:32.9303+00:00', '2026-01-23T00:06:32.9303+00:00');
INSERT INTO public.course_lessons (id, course_id, title, content, video_url, lesson_type, order_index, duration_minutes, created_at, updated_at) VALUES ('620454f4-dd67-476f-b20b-48b0bdc09b46', 'c40f84a4-973e-4edd-85ea-234f424b5380', 'Practical Application & Next Steps', 'Now it''s time to put what you''ve learned into action!

## Your Action Items
1. Review the key concepts from this course
2. Complete the checklist below
3. Apply at least one insight to your business this week

## Checklist
- [ ] I understand the core concepts
- [ ] I''ve identified how this applies to my business
- [ ] I know my next step to implement

## What''s Next
Continue to the next course in your learning path, or explore related topics in the Virtual OPS Hub Academy.

Remember: VOPSy is here to help you apply these concepts when you''re ready!', NULL, 'text', 2, 8, '2026-01-23T00:06:32.9303+00:00', '2026-01-23T00:06:32.9303+00:00');
INSERT INTO public.course_lessons (id, course_id, title, content, video_url, lesson_type, order_index, duration_minutes, created_at, updated_at) VALUES ('1b3b9eb0-91a8-4d61-b703-6bd5bef3a0c7', '6588c974-bd9d-477c-a810-4a4934a5e85d', 'Introduction & Overview', 'Welcome to this course! In this lesson, you''ll learn the core concepts and why they matter for your business journey.

## What You''ll Learn
- Key definitions and terminology
- Why this topic is essential for business success
- What Virtual OPS Hub will help you accomplish

## Getting Started
Take notes as you go. Each concept builds on the previous one.', NULL, 'text', 0, 10, '2026-01-23T00:06:50.933916+00:00', '2026-01-23T00:06:50.933916+00:00');
INSERT INTO public.course_lessons (id, course_id, title, content, video_url, lesson_type, order_index, duration_minutes, created_at, updated_at) VALUES ('9e5295bf-6aab-474f-b234-8f8601d80f4f', 'e4d5d4ca-a922-438b-9f7f-b13635e5fc5a', 'Practical Application & Next Steps', 'Now it''s time to put what you''ve learned into action!

## Your Action Items
1. Review the key concepts from this course
2. Complete the checklist below
3. Apply at least one insight to your business this week

## Checklist
- [ ] I understand the core concepts
- [ ] I''ve identified how this applies to my business
- [ ] I know my next step to implement

## What''s Next
Continue to the next course in your learning path, or explore related topics in the Virtual OPS Hub Academy.

Remember: VOPSy is here to help you apply these concepts when you''re ready!', NULL, 'text', 2, 8, '2026-01-23T00:06:32.9303+00:00', '2026-01-23T00:06:32.9303+00:00');
INSERT INTO public.course_lessons (id, course_id, title, content, video_url, lesson_type, order_index, duration_minutes, created_at, updated_at) VALUES ('8fe068c0-dfc1-4028-9f4a-96af7b3b9877', '18b0153e-7ca7-405f-82b1-6474b85c8c9c', 'Practical Application & Next Steps', 'Now it''s time to put what you''ve learned into action!

## Your Action Items
1. Review the key concepts from this course
2. Complete the checklist below
3. Apply at least one insight to your business this week

## Checklist
- [ ] I understand the core concepts
- [ ] I''ve identified how this applies to my business
- [ ] I know my next step to implement

## What''s Next
Continue to the next course in your learning path, or explore related topics in the Virtual OPS Hub Academy.

Remember: VOPSy is here to help you apply these concepts when you''re ready!', NULL, 'text', 2, 8, '2026-01-23T00:06:32.9303+00:00', '2026-01-23T00:06:32.9303+00:00');
INSERT INTO public.course_lessons (id, course_id, title, content, video_url, lesson_type, order_index, duration_minutes, created_at, updated_at) VALUES ('50f7eada-49b4-4d47-b0fd-cfeb84f4ab29', 'cab44378-17f3-4219-8f24-f4472112bc13', 'Practical Application & Next Steps', 'Now it''s time to put what you''ve learned into action!

## Your Action Items
1. Review the key concepts from this course
2. Complete the checklist below
3. Apply at least one insight to your business this week

## Checklist
- [ ] I understand the core concepts
- [ ] I''ve identified how this applies to my business
- [ ] I know my next step to implement

## What''s Next
Continue to the next course in your learning path, or explore related topics in the Virtual OPS Hub Academy.

Remember: VOPSy is here to help you apply these concepts when you''re ready!', NULL, 'text', 2, 8, '2026-01-23T00:06:32.9303+00:00', '2026-01-23T00:06:32.9303+00:00');
INSERT INTO public.course_lessons (id, course_id, title, content, video_url, lesson_type, order_index, duration_minutes, created_at, updated_at) VALUES ('2f08d300-51b2-4371-8ad9-7860916b09ca', '785cc1d1-3c13-4a1c-aa4b-22ec01318881', 'Practical Application & Next Steps', 'Now it''s time to put what you''ve learned into action!

## Your Action Items
1. Review the key concepts from this course
2. Complete the checklist below
3. Apply at least one insight to your business this week

## Checklist
- [ ] I understand the core concepts
- [ ] I''ve identified how this applies to my business
- [ ] I know my next step to implement

## What''s Next
Continue to the next course in your learning path, or explore related topics in the Virtual OPS Hub Academy.

Remember: VOPSy is here to help you apply these concepts when you''re ready!', NULL, 'text', 2, 8, '2026-01-23T00:06:32.9303+00:00', '2026-01-23T00:06:32.9303+00:00');
INSERT INTO public.course_lessons (id, course_id, title, content, video_url, lesson_type, order_index, duration_minutes, created_at, updated_at) VALUES ('43a819ec-5589-4ae1-861c-6bdef35df66b', '2bf40af7-53ea-482f-8245-44c10503e154', 'Practical Application & Next Steps', 'Now it''s time to put what you''ve learned into action!

## Your Action Items
1. Review the key concepts from this course
2. Complete the checklist below
3. Apply at least one insight to your business this week

## Checklist
- [ ] I understand the core concepts
- [ ] I''ve identified how this applies to my business
- [ ] I know my next step to implement

## What''s Next
Continue to the next course in your learning path, or explore related topics in the Virtual OPS Hub Academy.

Remember: VOPSy is here to help you apply these concepts when you''re ready!', NULL, 'text', 2, 8, '2026-01-23T00:06:32.9303+00:00', '2026-01-23T00:06:32.9303+00:00');
INSERT INTO public.course_lessons (id, course_id, title, content, video_url, lesson_type, order_index, duration_minutes, created_at, updated_at) VALUES ('698fcc53-760c-4dbf-b58a-36cbd7fcb097', '7b56995f-59a0-4633-b2cd-197dfc73ae85', 'Practical Application & Next Steps', 'Now it''s time to put what you''ve learned into action!

## Your Action Items
1. Review the key concepts from this course
2. Complete the checklist below
3. Apply at least one insight to your business this week

## Checklist
- [ ] I understand the core concepts
- [ ] I''ve identified how this applies to my business
- [ ] I know my next step to implement

## What''s Next
Continue to the next course in your learning path, or explore related topics in the Virtual OPS Hub Academy.

Remember: VOPSy is here to help you apply these concepts when you''re ready!', NULL, 'text', 2, 8, '2026-01-23T00:06:32.9303+00:00', '2026-01-23T00:06:32.9303+00:00');
INSERT INTO public.course_lessons (id, course_id, title, content, video_url, lesson_type, order_index, duration_minutes, created_at, updated_at) VALUES ('ba063bbd-81d8-4049-9be9-5f7c4dbd3319', '82986028-a2c6-486a-beca-8c6d35dbed52', 'Practical Application & Next Steps', 'Now it''s time to put what you''ve learned into action!

## Your Action Items
1. Review the key concepts from this course
2. Complete the checklist below
3. Apply at least one insight to your business this week

## Checklist
- [ ] I understand the core concepts
- [ ] I''ve identified how this applies to my business
- [ ] I know my next step to implement

## What''s Next
Continue to the next course in your learning path, or explore related topics in the Virtual OPS Hub Academy.

Remember: VOPSy is here to help you apply these concepts when you''re ready!', NULL, 'text', 2, 8, '2026-01-23T00:06:32.9303+00:00', '2026-01-23T00:06:32.9303+00:00');
INSERT INTO public.course_lessons (id, course_id, title, content, video_url, lesson_type, order_index, duration_minutes, created_at, updated_at) VALUES ('6669306a-b1e4-4df7-bd68-32c157b12647', '392acef6-342b-46a9-83b3-3bdb1cedcfdd', 'Practical Application & Next Steps', 'Now it''s time to put what you''ve learned into action!

## Your Action Items
1. Review the key concepts from this course
2. Complete the checklist below
3. Apply at least one insight to your business this week

## Checklist
- [ ] I understand the core concepts
- [ ] I''ve identified how this applies to my business
- [ ] I know my next step to implement

## What''s Next
Continue to the next course in your learning path, or explore related topics in the Virtual OPS Hub Academy.

Remember: VOPSy is here to help you apply these concepts when you''re ready!', NULL, 'text', 2, 8, '2026-01-23T00:06:32.9303+00:00', '2026-01-23T00:06:32.9303+00:00');
INSERT INTO public.course_lessons (id, course_id, title, content, video_url, lesson_type, order_index, duration_minutes, created_at, updated_at) VALUES ('623eecb4-7924-4fb5-90e9-c3bf1b9ded36', 'd6ac4944-ae0d-47fb-8e75-99c64e4a6826', 'Practical Application & Next Steps', 'Now it''s time to put what you''ve learned into action!

## Your Action Items
1. Review the key concepts from this course
2. Complete the checklist below
3. Apply at least one insight to your business this week

## Checklist
- [ ] I understand the core concepts
- [ ] I''ve identified how this applies to my business
- [ ] I know my next step to implement

## What''s Next
Continue to the next course in your learning path, or explore related topics in the Virtual OPS Hub Academy.

Remember: VOPSy is here to help you apply these concepts when you''re ready!', NULL, 'text', 2, 8, '2026-01-23T00:06:32.9303+00:00', '2026-01-23T00:06:32.9303+00:00');
INSERT INTO public.course_lessons (id, course_id, title, content, video_url, lesson_type, order_index, duration_minutes, created_at, updated_at) VALUES ('2c7a301f-7fe1-4a48-a461-5575806412f7', '6588c974-bd9d-477c-a810-4a4934a5e85d', 'Practical Application & Next Steps', 'Now it''s time to put what you''ve learned into action!

## Your Action Items
1. Review the key concepts from this course
2. Complete the checklist below
3. Apply at least one insight to your business this week

## Checklist
- [ ] I understand the core concepts
- [ ] I''ve identified how this applies to my business
- [ ] I know my next step to implement

## What''s Next
Continue to the next course in your learning path, or explore related topics in the Virtual OPS Hub Academy.

Remember: VOPSy is here to help you apply these concepts when you''re ready!', NULL, 'text', 2, 8, '2026-01-23T00:06:32.9303+00:00', '2026-01-23T00:06:32.9303+00:00');
INSERT INTO public.course_lessons (id, course_id, title, content, video_url, lesson_type, order_index, duration_minutes, created_at, updated_at) VALUES ('9fb14c03-8b46-4443-8a80-a789a7381a5e', '5ad22063-c496-4593-a6b4-9add6944eea2', 'Practical Application & Next Steps', 'Now it''s time to put what you''ve learned into action!

## Your Action Items
1. Review the key concepts from this course
2. Complete the checklist below
3. Apply at least one insight to your business this week

## Checklist
- [ ] I understand the core concepts
- [ ] I''ve identified how this applies to my business
- [ ] I know my next step to implement

## What''s Next
Continue to the next course in your learning path, or explore related topics in the Virtual OPS Hub Academy.

Remember: VOPSy is here to help you apply these concepts when you''re ready!', NULL, 'text', 2, 8, '2026-01-23T00:06:32.9303+00:00', '2026-01-23T00:06:32.9303+00:00');
INSERT INTO public.course_lessons (id, course_id, title, content, video_url, lesson_type, order_index, duration_minutes, created_at, updated_at) VALUES ('eb9ff973-88ff-4b38-b3c8-7fe33f101353', '5ad22063-c496-4593-a6b4-9add6944eea2', 'Introduction & Overview', 'Welcome to this course! In this lesson, you''ll learn the core concepts and why they matter for your business journey.

## What You''ll Learn
- Key definitions and terminology
- Why this topic is essential for business success
- What Virtual OPS Hub will help you accomplish

## Getting Started
Take notes as you go. Each concept builds on the previous one.', NULL, 'text', 0, 10, '2026-01-23T00:06:50.933916+00:00', '2026-01-23T00:06:50.933916+00:00');
INSERT INTO public.course_lessons (id, course_id, title, content, video_url, lesson_type, order_index, duration_minutes, created_at, updated_at) VALUES ('7480f4ea-e3ca-462b-ae26-765b09cfc5a1', 'ee69234c-1db9-42f0-ac9c-d89112ca48f4', 'Practical Application & Next Steps', 'Now it''s time to put what you''ve learned into action!

## Your Action Items
1. Review the key concepts from this course
2. Complete the checklist below
3. Apply at least one insight to your business this week

## Checklist
- [ ] I understand the core concepts
- [ ] I''ve identified how this applies to my business
- [ ] I know my next step to implement

## What''s Next
Continue to the next course in your learning path, or explore related topics in the Virtual OPS Hub Academy.

Remember: VOPSy is here to help you apply these concepts when you''re ready!', NULL, 'text', 2, 8, '2026-01-23T00:06:32.9303+00:00', '2026-01-23T00:06:32.9303+00:00');
INSERT INTO public.course_lessons (id, course_id, title, content, video_url, lesson_type, order_index, duration_minutes, created_at, updated_at) VALUES ('d4cb6b9d-27c3-4bfa-9819-1ed9bcca0295', '50990e53-4fac-4d69-bab4-bac8e94b0420', 'Practical Application & Next Steps', 'Now it''s time to put what you''ve learned into action!

## Your Action Items
1. Review the key concepts from this course
2. Complete the checklist below
3. Apply at least one insight to your business this week

## Checklist
- [ ] I understand the core concepts
- [ ] I''ve identified how this applies to my business
- [ ] I know my next step to implement

## What''s Next
Continue to the next course in your learning path, or explore related topics in the Virtual OPS Hub Academy.

Remember: VOPSy is here to help you apply these concepts when you''re ready!', NULL, 'text', 2, 8, '2026-01-23T00:06:32.9303+00:00', '2026-01-23T00:06:32.9303+00:00');
INSERT INTO public.course_lessons (id, course_id, title, content, video_url, lesson_type, order_index, duration_minutes, created_at, updated_at) VALUES ('3378b50e-0959-408a-94ff-91b946340c61', 'ee69234c-1db9-42f0-ac9c-d89112ca48f4', 'Introduction & Overview', 'Welcome to this course! In this lesson, you''ll learn the core concepts and why they matter for your business journey.

## What You''ll Learn
- Key definitions and terminology
- Why this topic is essential for business success
- What Virtual OPS Hub will help you accomplish

## Getting Started
Take notes as you go. Each concept builds on the previous one.', NULL, 'text', 0, 10, '2026-01-23T00:06:50.933916+00:00', '2026-01-23T00:06:50.933916+00:00');
INSERT INTO public.course_lessons (id, course_id, title, content, video_url, lesson_type, order_index, duration_minutes, created_at, updated_at) VALUES ('a4e044e7-d406-4bc7-890e-8a971453d523', '50990e53-4fac-4d69-bab4-bac8e94b0420', 'Introduction & Overview', 'Welcome to this course! In this lesson, you''ll learn the core concepts and why they matter for your business journey.

## What You''ll Learn
- Key definitions and terminology
- Why this topic is essential for business success
- What Virtual OPS Hub will help you accomplish

## Getting Started
Take notes as you go. Each concept builds on the previous one.', NULL, 'text', 0, 10, '2026-01-23T00:06:50.933916+00:00', '2026-01-23T00:06:50.933916+00:00');
INSERT INTO public.course_lessons (id, course_id, title, content, video_url, lesson_type, order_index, duration_minutes, created_at, updated_at) VALUES ('b9ad3c56-2b94-42bb-b454-498177687c4d', 'b5bb703a-0c5a-46d0-9c2a-c90371ab1ac8', 'Introduction & Overview', 'Welcome to this course! In this lesson, you''ll learn the core concepts and why they matter for your business journey.

## What You''ll Learn
- Key definitions and terminology
- Why this topic is essential for business success
- What Virtual OPS Hub will help you accomplish

## Getting Started
Take notes as you go. Each concept builds on the previous one.', NULL, 'text', 0, 10, '2026-01-23T00:06:50.933916+00:00', '2026-01-23T00:06:50.933916+00:00');
INSERT INTO public.course_lessons (id, course_id, title, content, video_url, lesson_type, order_index, duration_minutes, created_at, updated_at) VALUES ('c703a995-83ad-4ce7-92a9-6e842813b2ac', '86d73c8b-4b35-41d1-afd0-579e27d747cb', 'Introduction & Overview', 'Welcome to this course! In this lesson, you''ll learn the core concepts and why they matter for your business journey.

## What You''ll Learn
- Key definitions and terminology
- Why this topic is essential for business success
- What Virtual OPS Hub will help you accomplish

## Getting Started
Take notes as you go. Each concept builds on the previous one.', NULL, 'text', 0, 10, '2026-01-23T00:06:50.933916+00:00', '2026-01-23T00:06:50.933916+00:00');
INSERT INTO public.course_lessons (id, course_id, title, content, video_url, lesson_type, order_index, duration_minutes, created_at, updated_at) VALUES ('4eb3a133-9678-4693-a9d4-20c66bdf2f16', 'f6ca890b-2f56-467a-a956-05b6bf075456', 'Introduction & Overview', 'Welcome to this course! In this lesson, you''ll learn the core concepts and why they matter for your business journey.

## What You''ll Learn
- Key definitions and terminology
- Why this topic is essential for business success
- What Virtual OPS Hub will help you accomplish

## Getting Started
Take notes as you go. Each concept builds on the previous one.', NULL, 'text', 0, 10, '2026-01-23T00:06:50.933916+00:00', '2026-01-23T00:06:50.933916+00:00');
INSERT INTO public.course_lessons (id, course_id, title, content, video_url, lesson_type, order_index, duration_minutes, created_at, updated_at) VALUES ('0d0790e5-3d33-432f-bb34-87224d79f06a', '9bf7158e-6543-4aee-9657-b8b2c785ec1a', 'Introduction & Overview', 'Welcome to this course! In this lesson, you''ll learn the core concepts and why they matter for your business journey.

## What You''ll Learn
- Key definitions and terminology
- Why this topic is essential for business success
- What Virtual OPS Hub will help you accomplish

## Getting Started
Take notes as you go. Each concept builds on the previous one.', NULL, 'text', 0, 10, '2026-01-23T00:06:50.933916+00:00', '2026-01-23T00:06:50.933916+00:00');
INSERT INTO public.course_lessons (id, course_id, title, content, video_url, lesson_type, order_index, duration_minutes, created_at, updated_at) VALUES ('d68119ff-a4ef-408c-827b-f1384af11c47', 'c40f84a4-973e-4edd-85ea-234f424b5380', 'Introduction & Overview', 'Welcome to this course! In this lesson, you''ll learn the core concepts and why they matter for your business journey.

## What You''ll Learn
- Key definitions and terminology
- Why this topic is essential for business success
- What Virtual OPS Hub will help you accomplish

## Getting Started
Take notes as you go. Each concept builds on the previous one.', NULL, 'text', 0, 10, '2026-01-23T00:06:50.933916+00:00', '2026-01-23T00:06:50.933916+00:00');
INSERT INTO public.course_lessons (id, course_id, title, content, video_url, lesson_type, order_index, duration_minutes, created_at, updated_at) VALUES ('ea4b4124-5982-4e58-b495-f6fb4c43dbce', 'e4d5d4ca-a922-438b-9f7f-b13635e5fc5a', 'Introduction & Overview', 'Welcome to this course! In this lesson, you''ll learn the core concepts and why they matter for your business journey.

## What You''ll Learn
- Key definitions and terminology
- Why this topic is essential for business success
- What Virtual OPS Hub will help you accomplish

## Getting Started
Take notes as you go. Each concept builds on the previous one.', NULL, 'text', 0, 10, '2026-01-23T00:06:50.933916+00:00', '2026-01-23T00:06:50.933916+00:00');
INSERT INTO public.course_lessons (id, course_id, title, content, video_url, lesson_type, order_index, duration_minutes, created_at, updated_at) VALUES ('c605ebcf-9204-4012-941a-0446bf43095f', '18b0153e-7ca7-405f-82b1-6474b85c8c9c', 'Introduction & Overview', 'Welcome to this course! In this lesson, you''ll learn the core concepts and why they matter for your business journey.

## What You''ll Learn
- Key definitions and terminology
- Why this topic is essential for business success
- What Virtual OPS Hub will help you accomplish

## Getting Started
Take notes as you go. Each concept builds on the previous one.', NULL, 'text', 0, 10, '2026-01-23T00:06:50.933916+00:00', '2026-01-23T00:06:50.933916+00:00');
INSERT INTO public.course_lessons (id, course_id, title, content, video_url, lesson_type, order_index, duration_minutes, created_at, updated_at) VALUES ('5e0cb691-a4ca-4d3a-bd17-12fc9143138d', 'cab44378-17f3-4219-8f24-f4472112bc13', 'Introduction & Overview', 'Welcome to this course! In this lesson, you''ll learn the core concepts and why they matter for your business journey.

## What You''ll Learn
- Key definitions and terminology
- Why this topic is essential for business success
- What Virtual OPS Hub will help you accomplish

## Getting Started
Take notes as you go. Each concept builds on the previous one.', NULL, 'text', 0, 10, '2026-01-23T00:06:50.933916+00:00', '2026-01-23T00:06:50.933916+00:00');
INSERT INTO public.course_lessons (id, course_id, title, content, video_url, lesson_type, order_index, duration_minutes, created_at, updated_at) VALUES ('b9ca91ae-8936-432b-8c8e-69cbb671c31a', '785cc1d1-3c13-4a1c-aa4b-22ec01318881', 'Introduction & Overview', 'Welcome to this course! In this lesson, you''ll learn the core concepts and why they matter for your business journey.

## What You''ll Learn
- Key definitions and terminology
- Why this topic is essential for business success
- What Virtual OPS Hub will help you accomplish

## Getting Started
Take notes as you go. Each concept builds on the previous one.', NULL, 'text', 0, 10, '2026-01-23T00:06:50.933916+00:00', '2026-01-23T00:06:50.933916+00:00');
INSERT INTO public.course_lessons (id, course_id, title, content, video_url, lesson_type, order_index, duration_minutes, created_at, updated_at) VALUES ('d4826a20-a296-4db4-80cc-967d0610df67', '2bf40af7-53ea-482f-8245-44c10503e154', 'Introduction & Overview', 'Welcome to this course! In this lesson, you''ll learn the core concepts and why they matter for your business journey.

## What You''ll Learn
- Key definitions and terminology
- Why this topic is essential for business success
- What Virtual OPS Hub will help you accomplish

## Getting Started
Take notes as you go. Each concept builds on the previous one.', NULL, 'text', 0, 10, '2026-01-23T00:06:50.933916+00:00', '2026-01-23T00:06:50.933916+00:00');
INSERT INTO public.course_lessons (id, course_id, title, content, video_url, lesson_type, order_index, duration_minutes, created_at, updated_at) VALUES ('3376b707-ca75-41dd-be13-f0181e068b49', '7b56995f-59a0-4633-b2cd-197dfc73ae85', 'Introduction & Overview', 'Welcome to this course! In this lesson, you''ll learn the core concepts and why they matter for your business journey.

## What You''ll Learn
- Key definitions and terminology
- Why this topic is essential for business success
- What Virtual OPS Hub will help you accomplish

## Getting Started
Take notes as you go. Each concept builds on the previous one.', NULL, 'text', 0, 10, '2026-01-23T00:06:50.933916+00:00', '2026-01-23T00:06:50.933916+00:00');
INSERT INTO public.course_lessons (id, course_id, title, content, video_url, lesson_type, order_index, duration_minutes, created_at, updated_at) VALUES ('a90a9a96-e9e8-4a77-bffc-2e115316d324', '82986028-a2c6-486a-beca-8c6d35dbed52', 'Introduction & Overview', 'Welcome to this course! In this lesson, you''ll learn the core concepts and why they matter for your business journey.

## What You''ll Learn
- Key definitions and terminology
- Why this topic is essential for business success
- What Virtual OPS Hub will help you accomplish

## Getting Started
Take notes as you go. Each concept builds on the previous one.', NULL, 'text', 0, 10, '2026-01-23T00:06:50.933916+00:00', '2026-01-23T00:06:50.933916+00:00');
INSERT INTO public.course_lessons (id, course_id, title, content, video_url, lesson_type, order_index, duration_minutes, created_at, updated_at) VALUES ('bae67ea4-d947-44dc-9262-03236a35a201', '392acef6-342b-46a9-83b3-3bdb1cedcfdd', 'Introduction & Overview', 'Welcome to this course! In this lesson, you''ll learn the core concepts and why they matter for your business journey.

## What You''ll Learn
- Key definitions and terminology
- Why this topic is essential for business success
- What Virtual OPS Hub will help you accomplish

## Getting Started
Take notes as you go. Each concept builds on the previous one.', NULL, 'text', 0, 10, '2026-01-23T00:06:50.933916+00:00', '2026-01-23T00:06:50.933916+00:00');
INSERT INTO public.course_lessons (id, course_id, title, content, video_url, lesson_type, order_index, duration_minutes, created_at, updated_at) VALUES ('4f34f8d8-0146-4f88-8e2b-a74a2ede18c2', 'd6ac4944-ae0d-47fb-8e75-99c64e4a6826', 'Introduction & Overview', 'Welcome to this course! In this lesson, you''ll learn the core concepts and why they matter for your business journey.

## What You''ll Learn
- Key definitions and terminology
- Why this topic is essential for business success
- What Virtual OPS Hub will help you accomplish

## Getting Started
Take notes as you go. Each concept builds on the previous one.', NULL, 'text', 0, 10, '2026-01-23T00:06:50.933916+00:00', '2026-01-23T00:06:50.933916+00:00');
INSERT INTO public.course_lessons (id, course_id, title, content, video_url, lesson_type, order_index, duration_minutes, created_at, updated_at) VALUES ('41ca9a98-7b11-4de5-b57b-20bad8384213', '4af70ec9-df2f-4e3a-af66-91c54241c93a', 'Validating Your Business Idea', '## Is Your Idea Worth Pursuing?

Before investing time and money, you need to validate your business idea. This lesson covers:

### Key Validation Steps
1. **Problem-Solution Fit** - Does your idea solve a real problem?
2. **Market Research** - Who are your potential customers?
3. **Competitive Analysis** - What exists already?
4. **MVP Testing** - How to test with minimal investment

### The Mom Test
Never ask "Do you think this is a good idea?" Instead, ask about their actual behavior and past experiences.

### Action Items
- Interview 10 potential customers this week
- Document the top 3 pain points you discover
- Research 5 competitors and their pricing', 'https://www.youtube.com/watch?v=QRZ_l7cVzzU', 'video', 0, 12, '2026-01-23T00:28:59.642708+00:00', '2026-01-23T00:28:59.642708+00:00');
INSERT INTO public.course_lessons (id, course_id, title, content, video_url, lesson_type, order_index, duration_minutes, created_at, updated_at) VALUES ('d072d997-eed2-4315-b540-bf1b2d55ab96', '4af70ec9-df2f-4e3a-af66-91c54241c93a', 'Crafting Your Business Model', '## Building a Sustainable Business Model

A great idea needs a solid business model to succeed.

### Business Model Canvas
Use the 9-block canvas to map out:
- **Value Proposition** - What unique value do you offer?
- **Customer Segments** - Who pays for your solution?
- **Revenue Streams** - How will you make money?
- **Cost Structure** - What are your major expenses?

### Revenue Model Options
1. Subscription/SaaS
2. One-time purchase
3. Freemium
4. Marketplace/Commission
5. Advertising

### Pricing Strategy
Start with value-based pricing, not cost-plus. What is the problem worth solving to your customer?', NULL, 'text', 1, 15, '2026-01-23T00:28:59.642708+00:00', '2026-01-23T00:28:59.642708+00:00');
INSERT INTO public.course_lessons (id, course_id, title, content, video_url, lesson_type, order_index, duration_minutes, created_at, updated_at) VALUES ('35032578-de17-4633-9283-de160e574b4f', '4af70ec9-df2f-4e3a-af66-91c54241c93a', 'Creating Your Pitch Deck', '## The Perfect Pitch Deck

Whether you''re pitching to investors, partners, or customers, you need a compelling story.

### The 10-Slide Framework
1. **Title** - Company name, tagline, contact
2. **Problem** - The pain point you solve
3. **Solution** - Your unique approach
4. **Market Size** - TAM, SAM, SOM
5. **Business Model** - How you make money
6. **Traction** - Progress and milestones
7. **Team** - Why you''ll win
8. **Competition** - Your advantages
9. **Financials** - Projections and metrics
10. **Ask** - What you need

### Storytelling Tips
- Lead with the problem, not the solution
- Use concrete numbers and examples
- Practice the 30-second, 2-minute, and 10-minute versions', 'https://www.youtube.com/watch?v=SB16xgtFmco', 'video', 2, 18, '2026-01-23T00:28:59.642708+00:00', '2026-01-23T00:28:59.642708+00:00');
INSERT INTO public.course_lessons (id, course_id, title, content, video_url, lesson_type, order_index, duration_minutes, created_at, updated_at) VALUES ('0f68e75a-e903-4882-9505-eb113d8b90dd', '4af70ec9-df2f-4e3a-af66-91c54241c93a', 'Funding Options Explained', '## Choosing the Right Funding Path

Not every business needs venture capital. Understand your options.

### Bootstrapping
- **Pros**: Full ownership, no dilution, forced discipline
- **Cons**: Slower growth, personal financial risk
- **Best for**: Service businesses, lifestyle businesses

### Friends & Family
- Keep it professional with written agreements
- Only accept what they can afford to lose

### Angel Investors
- Typically $25K-$500K investments
- Often provide mentorship and connections
- Expect 10-25% equity in early rounds

### Venture Capital
- For high-growth, scalable businesses
- Expect to give up 15-25% per round
- VCs want 10x+ returns

### Grants & Competitions
- Non-dilutive funding
- Great for R&D and social enterprises
- Time-intensive applications', NULL, 'text', 3, 20, '2026-01-23T00:28:59.642708+00:00', '2026-01-23T00:28:59.642708+00:00');
INSERT INTO public.course_lessons (id, course_id, title, content, video_url, lesson_type, order_index, duration_minutes, created_at, updated_at) VALUES ('08781abb-662f-4342-800d-ee5d62f37935', '4af70ec9-df2f-4e3a-af66-91c54241c93a', 'Taking Action: Your 30-Day Launch Plan', '## From Idea to Launch in 30 Days

Time to put everything together with a concrete action plan.

### Week 1: Validation
- Complete 10 customer interviews
- Finalize your value proposition
- Choose your business model

### Week 2: Foundation
- Register your business (LLC recommended)
- Set up business banking
- Create your pitch deck draft

### Week 3: MVP
- Build or outline your minimum viable product
- Set up basic online presence
- Start collecting email signups

### Week 4: Launch & Fund
- Soft launch to early adopters
- Apply to 3 grants or competitions
- Schedule 5 investor/mentor meetings

### Key Metrics to Track
- Customer conversations completed
- Email signups
- Revenue (even $1 counts!)
- Investor meetings scheduled

**Remember**: Done is better than perfect. Launch, learn, iterate.', 'https://www.youtube.com/watch?v=ZoqgAy3h4OM', 'video', 4, 14, '2026-01-23T00:28:59.642708+00:00', '2026-01-23T00:28:59.642708+00:00');
INSERT INTO public.course_lessons (id, course_id, title, content, video_url, lesson_type, order_index, duration_minutes, created_at, updated_at) VALUES ('046402c6-e590-40c3-a941-3e7e4c6b60e8', '4b9ec6af-2d68-4ade-aac0-3f7a77d25b89', 'Deep Dive Video', '## Key Concepts Review

This section summarizes the essential takeaways from this course module.

### What We Covered
- Core principles and their real-world applications
- Common mistakes and how to avoid them
- Actionable steps you can implement immediately

### Pro Tips
1. **Start small** – Don''t try to implement everything at once
2. **Document as you go** – Keep notes on what works for your specific situation
3. **Ask VOPSy** – Your AI assistant can help clarify any concepts

### Coming Soon
We''re developing video content for this section. In the meantime, the text content provides everything you need to succeed.', NULL, 'text', 1, 15, '2026-01-23T00:06:15.022349+00:00', '2026-01-23T00:42:57.760156+00:00');
INSERT INTO public.course_lessons (id, course_id, title, content, video_url, lesson_type, order_index, duration_minutes, created_at, updated_at) VALUES ('2f568d7a-1122-49bf-a26b-20600ae5ffae', '3753b87c-48a9-403b-be69-d654a8fa5f61', 'Deep Dive Video', '## Key Concepts Review

This section summarizes the essential takeaways from this course module.

### What We Covered
- Core principles and their real-world applications
- Common mistakes and how to avoid them
- Actionable steps you can implement immediately

### Pro Tips
1. **Start small** – Don''t try to implement everything at once
2. **Document as you go** – Keep notes on what works for your specific situation
3. **Ask VOPSy** – Your AI assistant can help clarify any concepts

### Coming Soon
We''re developing video content for this section. In the meantime, the text content provides everything you need to succeed.', NULL, 'text', 1, 15, '2026-01-23T00:06:15.022349+00:00', '2026-01-23T00:42:57.760156+00:00');
INSERT INTO public.course_lessons (id, course_id, title, content, video_url, lesson_type, order_index, duration_minutes, created_at, updated_at) VALUES ('3dd89141-1edf-4ad3-82c6-910014c52b5c', '877b8746-0c4b-4d3d-b80a-3c027633b9b8', 'Deep Dive Video', '## Key Concepts Review

This section summarizes the essential takeaways from this course module.

### What We Covered
- Core principles and their real-world applications
- Common mistakes and how to avoid them
- Actionable steps you can implement immediately

### Pro Tips
1. **Start small** – Don''t try to implement everything at once
2. **Document as you go** – Keep notes on what works for your specific situation
3. **Ask VOPSy** – Your AI assistant can help clarify any concepts

### Coming Soon
We''re developing video content for this section. In the meantime, the text content provides everything you need to succeed.', NULL, 'text', 1, 15, '2026-01-23T00:06:15.022349+00:00', '2026-01-23T00:42:57.760156+00:00');
INSERT INTO public.course_lessons (id, course_id, title, content, video_url, lesson_type, order_index, duration_minutes, created_at, updated_at) VALUES ('1a86b780-237f-4d00-99d7-5ecc5db2fde2', 'cbc3fea7-7d96-4531-bbb2-3706f18e938f', 'Deep Dive Video', '## Key Concepts Review

This section summarizes the essential takeaways from this course module.

### What We Covered
- Core principles and their real-world applications
- Common mistakes and how to avoid them
- Actionable steps you can implement immediately

### Pro Tips
1. **Start small** – Don''t try to implement everything at once
2. **Document as you go** – Keep notes on what works for your specific situation
3. **Ask VOPSy** – Your AI assistant can help clarify any concepts

### Coming Soon
We''re developing video content for this section. In the meantime, the text content provides everything you need to succeed.', NULL, 'text', 1, 15, '2026-01-23T00:06:15.022349+00:00', '2026-01-23T00:42:57.760156+00:00');
INSERT INTO public.course_lessons (id, course_id, title, content, video_url, lesson_type, order_index, duration_minutes, created_at, updated_at) VALUES ('4373ebb7-63c7-4f1e-94ca-eb6c88b29cae', '176e432b-ea94-4541-8b98-73e3c48082be', 'Deep Dive Video', '## Key Concepts Review

This section summarizes the essential takeaways from this course module.

### What We Covered
- Core principles and their real-world applications
- Common mistakes and how to avoid them
- Actionable steps you can implement immediately

### Pro Tips
1. **Start small** – Don''t try to implement everything at once
2. **Document as you go** – Keep notes on what works for your specific situation
3. **Ask VOPSy** – Your AI assistant can help clarify any concepts

### Coming Soon
We''re developing video content for this section. In the meantime, the text content provides everything you need to succeed.', NULL, 'text', 1, 15, '2026-01-23T00:06:15.022349+00:00', '2026-01-23T00:42:57.760156+00:00');
INSERT INTO public.course_lessons (id, course_id, title, content, video_url, lesson_type, order_index, duration_minutes, created_at, updated_at) VALUES ('4655c9c9-584e-4c00-bf80-0646fee53959', '8719f54c-24c8-4b2c-8b7c-afedd72ad572', 'Deep Dive Video', '## Key Concepts Review

This section summarizes the essential takeaways from this course module.

### What We Covered
- Core principles and their real-world applications
- Common mistakes and how to avoid them
- Actionable steps you can implement immediately

### Pro Tips
1. **Start small** – Don''t try to implement everything at once
2. **Document as you go** – Keep notes on what works for your specific situation
3. **Ask VOPSy** – Your AI assistant can help clarify any concepts

### Coming Soon
We''re developing video content for this section. In the meantime, the text content provides everything you need to succeed.', NULL, 'text', 1, 15, '2026-01-23T00:06:15.022349+00:00', '2026-01-23T00:42:57.760156+00:00');
INSERT INTO public.course_lessons (id, course_id, title, content, video_url, lesson_type, order_index, duration_minutes, created_at, updated_at) VALUES ('eca5fdb5-8c7f-45c0-9cfe-58a9b8acc55f', '6cf75479-5156-4ee9-aeaa-f8b627ae1b74', 'Deep Dive Video', '## Key Concepts Review

This section summarizes the essential takeaways from this course module.

### What We Covered
- Core principles and their real-world applications
- Common mistakes and how to avoid them
- Actionable steps you can implement immediately

### Pro Tips
1. **Start small** – Don''t try to implement everything at once
2. **Document as you go** – Keep notes on what works for your specific situation
3. **Ask VOPSy** – Your AI assistant can help clarify any concepts

### Coming Soon
We''re developing video content for this section. In the meantime, the text content provides everything you need to succeed.', NULL, 'text', 1, 15, '2026-01-23T00:06:15.022349+00:00', '2026-01-23T00:42:57.760156+00:00');
INSERT INTO public.course_lessons (id, course_id, title, content, video_url, lesson_type, order_index, duration_minutes, created_at, updated_at) VALUES ('d58811de-ac34-4614-b2c0-dda90ce15f49', '9d09e0b0-027e-4cab-a056-4b8166d95263', 'Deep Dive Video', '## Key Concepts Review

This section summarizes the essential takeaways from this course module.

### What We Covered
- Core principles and their real-world applications
- Common mistakes and how to avoid them
- Actionable steps you can implement immediately

### Pro Tips
1. **Start small** – Don''t try to implement everything at once
2. **Document as you go** – Keep notes on what works for your specific situation
3. **Ask VOPSy** – Your AI assistant can help clarify any concepts

### Coming Soon
We''re developing video content for this section. In the meantime, the text content provides everything you need to succeed.', NULL, 'text', 1, 15, '2026-01-23T00:06:15.022349+00:00', '2026-01-23T00:42:57.760156+00:00');
INSERT INTO public.course_lessons (id, course_id, title, content, video_url, lesson_type, order_index, duration_minutes, created_at, updated_at) VALUES ('c333e924-ad79-48d9-8db3-eb214c7c2a25', '92928361-9b96-49c3-9f56-e10b214451ad', 'Deep Dive Video', '## Key Concepts Review

This section summarizes the essential takeaways from this course module.

### What We Covered
- Core principles and their real-world applications
- Common mistakes and how to avoid them
- Actionable steps you can implement immediately

### Pro Tips
1. **Start small** – Don''t try to implement everything at once
2. **Document as you go** – Keep notes on what works for your specific situation
3. **Ask VOPSy** – Your AI assistant can help clarify any concepts

### Coming Soon
We''re developing video content for this section. In the meantime, the text content provides everything you need to succeed.', NULL, 'text', 1, 15, '2026-01-23T00:06:15.022349+00:00', '2026-01-23T00:42:57.760156+00:00');
INSERT INTO public.course_lessons (id, course_id, title, content, video_url, lesson_type, order_index, duration_minutes, created_at, updated_at) VALUES ('a2481b1a-6d3f-46b4-b274-213149be6a12', '1c48533d-688b-4f91-8e0a-f547f9dcba11', 'Deep Dive Video', '## Key Concepts Review

This section summarizes the essential takeaways from this course module.

### What We Covered
- Core principles and their real-world applications
- Common mistakes and how to avoid them
- Actionable steps you can implement immediately

### Pro Tips
1. **Start small** – Don''t try to implement everything at once
2. **Document as you go** – Keep notes on what works for your specific situation
3. **Ask VOPSy** – Your AI assistant can help clarify any concepts

### Coming Soon
We''re developing video content for this section. In the meantime, the text content provides everything you need to succeed.', NULL, 'text', 1, 15, '2026-01-23T00:06:15.022349+00:00', '2026-01-23T00:42:57.760156+00:00');
INSERT INTO public.course_lessons (id, course_id, title, content, video_url, lesson_type, order_index, duration_minutes, created_at, updated_at) VALUES ('f78dde55-373b-44e5-829e-55fc4994d8b7', '421155be-44a8-435e-8871-6d97758c5194', 'Deep Dive Video', '## Key Concepts Review

This section summarizes the essential takeaways from this course module.

### What We Covered
- Core principles and their real-world applications
- Common mistakes and how to avoid them
- Actionable steps you can implement immediately

### Pro Tips
1. **Start small** – Don''t try to implement everything at once
2. **Document as you go** – Keep notes on what works for your specific situation
3. **Ask VOPSy** – Your AI assistant can help clarify any concepts

### Coming Soon
We''re developing video content for this section. In the meantime, the text content provides everything you need to succeed.', NULL, 'text', 1, 15, '2026-01-23T00:06:15.022349+00:00', '2026-01-23T00:42:57.760156+00:00');
INSERT INTO public.course_lessons (id, course_id, title, content, video_url, lesson_type, order_index, duration_minutes, created_at, updated_at) VALUES ('d50498e1-a7ae-443e-96bd-d958cb4ed449', 'cca4e0e5-d58d-422b-ae36-13ac025c77d8', 'Deep Dive Video', '## Key Concepts Review

This section summarizes the essential takeaways from this course module.

### What We Covered
- Core principles and their real-world applications
- Common mistakes and how to avoid them
- Actionable steps you can implement immediately

### Pro Tips
1. **Start small** – Don''t try to implement everything at once
2. **Document as you go** – Keep notes on what works for your specific situation
3. **Ask VOPSy** – Your AI assistant can help clarify any concepts

### Coming Soon
We''re developing video content for this section. In the meantime, the text content provides everything you need to succeed.', NULL, 'text', 1, 15, '2026-01-23T00:06:15.022349+00:00', '2026-01-23T00:42:57.760156+00:00');
INSERT INTO public.course_lessons (id, course_id, title, content, video_url, lesson_type, order_index, duration_minutes, created_at, updated_at) VALUES ('93b80ffe-ca5c-4c45-9faa-1176b4220e18', 'dff5be79-6283-4531-ae83-ad85fb9b3716', 'Deep Dive Video', '## Key Concepts Review

This section summarizes the essential takeaways from this course module.

### What We Covered
- Core principles and their real-world applications
- Common mistakes and how to avoid them
- Actionable steps you can implement immediately

### Pro Tips
1. **Start small** – Don''t try to implement everything at once
2. **Document as you go** – Keep notes on what works for your specific situation
3. **Ask VOPSy** – Your AI assistant can help clarify any concepts

### Coming Soon
We''re developing video content for this section. In the meantime, the text content provides everything you need to succeed.', NULL, 'text', 1, 15, '2026-01-23T00:06:15.022349+00:00', '2026-01-23T00:42:57.760156+00:00');
INSERT INTO public.course_lessons (id, course_id, title, content, video_url, lesson_type, order_index, duration_minutes, created_at, updated_at) VALUES ('252e1d3b-19d1-46bd-bfc4-7785d6ce4ada', 'b5bb703a-0c5a-46d0-9c2a-c90371ab1ac8', 'Deep Dive Video', '## Key Concepts Review

This section summarizes the essential takeaways from this course module.

### What We Covered
- Core principles and their real-world applications
- Common mistakes and how to avoid them
- Actionable steps you can implement immediately

### Pro Tips
1. **Start small** – Don''t try to implement everything at once
2. **Document as you go** – Keep notes on what works for your specific situation
3. **Ask VOPSy** – Your AI assistant can help clarify any concepts

### Coming Soon
We''re developing video content for this section. In the meantime, the text content provides everything you need to succeed.', NULL, 'text', 1, 15, '2026-01-23T00:06:15.022349+00:00', '2026-01-23T00:42:57.760156+00:00');
INSERT INTO public.course_lessons (id, course_id, title, content, video_url, lesson_type, order_index, duration_minutes, created_at, updated_at) VALUES ('aacdb78a-2f1d-4b53-9758-7af73accbee8', '86d73c8b-4b35-41d1-afd0-579e27d747cb', 'Deep Dive Video', '## Key Concepts Review

This section summarizes the essential takeaways from this course module.

### What We Covered
- Core principles and their real-world applications
- Common mistakes and how to avoid them
- Actionable steps you can implement immediately

### Pro Tips
1. **Start small** – Don''t try to implement everything at once
2. **Document as you go** – Keep notes on what works for your specific situation
3. **Ask VOPSy** – Your AI assistant can help clarify any concepts

### Coming Soon
We''re developing video content for this section. In the meantime, the text content provides everything you need to succeed.', NULL, 'text', 1, 15, '2026-01-23T00:06:15.022349+00:00', '2026-01-23T00:42:57.760156+00:00');
INSERT INTO public.course_lessons (id, course_id, title, content, video_url, lesson_type, order_index, duration_minutes, created_at, updated_at) VALUES ('7db211a0-3602-49de-8a5b-e263d0eebf05', 'f6ca890b-2f56-467a-a956-05b6bf075456', 'Deep Dive Video', '## Key Concepts Review

This section summarizes the essential takeaways from this course module.

### What We Covered
- Core principles and their real-world applications
- Common mistakes and how to avoid them
- Actionable steps you can implement immediately

### Pro Tips
1. **Start small** – Don''t try to implement everything at once
2. **Document as you go** – Keep notes on what works for your specific situation
3. **Ask VOPSy** – Your AI assistant can help clarify any concepts

### Coming Soon
We''re developing video content for this section. In the meantime, the text content provides everything you need to succeed.', NULL, 'text', 1, 15, '2026-01-23T00:06:15.022349+00:00', '2026-01-23T00:42:57.760156+00:00');
INSERT INTO public.course_lessons (id, course_id, title, content, video_url, lesson_type, order_index, duration_minutes, created_at, updated_at) VALUES ('d626ca31-1e73-45ec-baa6-5d4fadc0c1b7', '9bf7158e-6543-4aee-9657-b8b2c785ec1a', 'Deep Dive Video', '## Key Concepts Review

This section summarizes the essential takeaways from this course module.

### What We Covered
- Core principles and their real-world applications
- Common mistakes and how to avoid them
- Actionable steps you can implement immediately

### Pro Tips
1. **Start small** – Don''t try to implement everything at once
2. **Document as you go** – Keep notes on what works for your specific situation
3. **Ask VOPSy** – Your AI assistant can help clarify any concepts

### Coming Soon
We''re developing video content for this section. In the meantime, the text content provides everything you need to succeed.', NULL, 'text', 1, 15, '2026-01-23T00:06:15.022349+00:00', '2026-01-23T00:42:57.760156+00:00');
INSERT INTO public.course_lessons (id, course_id, title, content, video_url, lesson_type, order_index, duration_minutes, created_at, updated_at) VALUES ('58f2fb96-17b8-44e2-a4ff-5a05f6ddaef9', 'c40f84a4-973e-4edd-85ea-234f424b5380', 'Deep Dive Video', '## Key Concepts Review

This section summarizes the essential takeaways from this course module.

### What We Covered
- Core principles and their real-world applications
- Common mistakes and how to avoid them
- Actionable steps you can implement immediately

### Pro Tips
1. **Start small** – Don''t try to implement everything at once
2. **Document as you go** – Keep notes on what works for your specific situation
3. **Ask VOPSy** – Your AI assistant can help clarify any concepts

### Coming Soon
We''re developing video content for this section. In the meantime, the text content provides everything you need to succeed.', NULL, 'text', 1, 15, '2026-01-23T00:06:15.022349+00:00', '2026-01-23T00:42:57.760156+00:00');
INSERT INTO public.course_lessons (id, course_id, title, content, video_url, lesson_type, order_index, duration_minutes, created_at, updated_at) VALUES ('519780ab-bdce-4b5a-b164-f9b654eab047', 'e4d5d4ca-a922-438b-9f7f-b13635e5fc5a', 'Deep Dive Video', '## Key Concepts Review

This section summarizes the essential takeaways from this course module.

### What We Covered
- Core principles and their real-world applications
- Common mistakes and how to avoid them
- Actionable steps you can implement immediately

### Pro Tips
1. **Start small** – Don''t try to implement everything at once
2. **Document as you go** – Keep notes on what works for your specific situation
3. **Ask VOPSy** – Your AI assistant can help clarify any concepts

### Coming Soon
We''re developing video content for this section. In the meantime, the text content provides everything you need to succeed.', NULL, 'text', 1, 15, '2026-01-23T00:06:15.022349+00:00', '2026-01-23T00:42:57.760156+00:00');
INSERT INTO public.course_lessons (id, course_id, title, content, video_url, lesson_type, order_index, duration_minutes, created_at, updated_at) VALUES ('8e7646c3-2d07-450e-8112-a42304b7a8af', '18b0153e-7ca7-405f-82b1-6474b85c8c9c', 'Deep Dive Video', '## Key Concepts Review

This section summarizes the essential takeaways from this course module.

### What We Covered
- Core principles and their real-world applications
- Common mistakes and how to avoid them
- Actionable steps you can implement immediately

### Pro Tips
1. **Start small** – Don''t try to implement everything at once
2. **Document as you go** – Keep notes on what works for your specific situation
3. **Ask VOPSy** – Your AI assistant can help clarify any concepts

### Coming Soon
We''re developing video content for this section. In the meantime, the text content provides everything you need to succeed.', NULL, 'text', 1, 15, '2026-01-23T00:06:15.022349+00:00', '2026-01-23T00:42:57.760156+00:00');
INSERT INTO public.course_lessons (id, course_id, title, content, video_url, lesson_type, order_index, duration_minutes, created_at, updated_at) VALUES ('8517e606-6d66-4ff4-84f8-72c7534098b9', 'cab44378-17f3-4219-8f24-f4472112bc13', 'Deep Dive Video', '## Key Concepts Review

This section summarizes the essential takeaways from this course module.

### What We Covered
- Core principles and their real-world applications
- Common mistakes and how to avoid them
- Actionable steps you can implement immediately

### Pro Tips
1. **Start small** – Don''t try to implement everything at once
2. **Document as you go** – Keep notes on what works for your specific situation
3. **Ask VOPSy** – Your AI assistant can help clarify any concepts

### Coming Soon
We''re developing video content for this section. In the meantime, the text content provides everything you need to succeed.', NULL, 'text', 1, 15, '2026-01-23T00:06:15.022349+00:00', '2026-01-23T00:42:57.760156+00:00');
INSERT INTO public.course_lessons (id, course_id, title, content, video_url, lesson_type, order_index, duration_minutes, created_at, updated_at) VALUES ('6313aecb-dc30-44e8-9263-b14e125f8a59', '785cc1d1-3c13-4a1c-aa4b-22ec01318881', 'Deep Dive Video', '## Key Concepts Review

This section summarizes the essential takeaways from this course module.

### What We Covered
- Core principles and their real-world applications
- Common mistakes and how to avoid them
- Actionable steps you can implement immediately

### Pro Tips
1. **Start small** – Don''t try to implement everything at once
2. **Document as you go** – Keep notes on what works for your specific situation
3. **Ask VOPSy** – Your AI assistant can help clarify any concepts

### Coming Soon
We''re developing video content for this section. In the meantime, the text content provides everything you need to succeed.', NULL, 'text', 1, 15, '2026-01-23T00:06:15.022349+00:00', '2026-01-23T00:42:57.760156+00:00');
INSERT INTO public.course_lessons (id, course_id, title, content, video_url, lesson_type, order_index, duration_minutes, created_at, updated_at) VALUES ('e87df3e7-50e3-4817-b477-7a624b24d285', '2bf40af7-53ea-482f-8245-44c10503e154', 'Deep Dive Video', '## Key Concepts Review

This section summarizes the essential takeaways from this course module.

### What We Covered
- Core principles and their real-world applications
- Common mistakes and how to avoid them
- Actionable steps you can implement immediately

### Pro Tips
1. **Start small** – Don''t try to implement everything at once
2. **Document as you go** – Keep notes on what works for your specific situation
3. **Ask VOPSy** – Your AI assistant can help clarify any concepts

### Coming Soon
We''re developing video content for this section. In the meantime, the text content provides everything you need to succeed.', NULL, 'text', 1, 15, '2026-01-23T00:06:15.022349+00:00', '2026-01-23T00:42:57.760156+00:00');
INSERT INTO public.course_lessons (id, course_id, title, content, video_url, lesson_type, order_index, duration_minutes, created_at, updated_at) VALUES ('0b328306-c4ba-4c6a-a75b-40a6b92e4797', '7b56995f-59a0-4633-b2cd-197dfc73ae85', 'Deep Dive Video', '## Key Concepts Review

This section summarizes the essential takeaways from this course module.

### What We Covered
- Core principles and their real-world applications
- Common mistakes and how to avoid them
- Actionable steps you can implement immediately

### Pro Tips
1. **Start small** – Don''t try to implement everything at once
2. **Document as you go** – Keep notes on what works for your specific situation
3. **Ask VOPSy** – Your AI assistant can help clarify any concepts

### Coming Soon
We''re developing video content for this section. In the meantime, the text content provides everything you need to succeed.', NULL, 'text', 1, 15, '2026-01-23T00:06:15.022349+00:00', '2026-01-23T00:42:57.760156+00:00');
INSERT INTO public.course_lessons (id, course_id, title, content, video_url, lesson_type, order_index, duration_minutes, created_at, updated_at) VALUES ('001987db-1021-4001-a524-348530077005', '82986028-a2c6-486a-beca-8c6d35dbed52', 'Deep Dive Video', '## Key Concepts Review

This section summarizes the essential takeaways from this course module.

### What We Covered
- Core principles and their real-world applications
- Common mistakes and how to avoid them
- Actionable steps you can implement immediately

### Pro Tips
1. **Start small** – Don''t try to implement everything at once
2. **Document as you go** – Keep notes on what works for your specific situation
3. **Ask VOPSy** – Your AI assistant can help clarify any concepts

### Coming Soon
We''re developing video content for this section. In the meantime, the text content provides everything you need to succeed.', NULL, 'text', 1, 15, '2026-01-23T00:06:15.022349+00:00', '2026-01-23T00:42:57.760156+00:00');
INSERT INTO public.course_lessons (id, course_id, title, content, video_url, lesson_type, order_index, duration_minutes, created_at, updated_at) VALUES ('7b6d40dc-2d2b-4801-8330-8de601def29c', '392acef6-342b-46a9-83b3-3bdb1cedcfdd', 'Deep Dive Video', '## Key Concepts Review

This section summarizes the essential takeaways from this course module.

### What We Covered
- Core principles and their real-world applications
- Common mistakes and how to avoid them
- Actionable steps you can implement immediately

### Pro Tips
1. **Start small** – Don''t try to implement everything at once
2. **Document as you go** – Keep notes on what works for your specific situation
3. **Ask VOPSy** – Your AI assistant can help clarify any concepts

### Coming Soon
We''re developing video content for this section. In the meantime, the text content provides everything you need to succeed.', NULL, 'text', 1, 15, '2026-01-23T00:06:15.022349+00:00', '2026-01-23T00:42:57.760156+00:00');
INSERT INTO public.course_lessons (id, course_id, title, content, video_url, lesson_type, order_index, duration_minutes, created_at, updated_at) VALUES ('e9bba806-99e6-4644-ba78-fc481bc274be', 'd6ac4944-ae0d-47fb-8e75-99c64e4a6826', 'Deep Dive Video', '## Key Concepts Review

This section summarizes the essential takeaways from this course module.

### What We Covered
- Core principles and their real-world applications
- Common mistakes and how to avoid them
- Actionable steps you can implement immediately

### Pro Tips
1. **Start small** – Don''t try to implement everything at once
2. **Document as you go** – Keep notes on what works for your specific situation
3. **Ask VOPSy** – Your AI assistant can help clarify any concepts

### Coming Soon
We''re developing video content for this section. In the meantime, the text content provides everything you need to succeed.', NULL, 'text', 1, 15, '2026-01-23T00:06:15.022349+00:00', '2026-01-23T00:42:57.760156+00:00');
INSERT INTO public.course_lessons (id, course_id, title, content, video_url, lesson_type, order_index, duration_minutes, created_at, updated_at) VALUES ('2ea7980a-b925-49a3-9d66-a360329dd1a3', '6588c974-bd9d-477c-a810-4a4934a5e85d', 'Deep Dive Video', '## Key Concepts Review

This section summarizes the essential takeaways from this course module.

### What We Covered
- Core principles and their real-world applications
- Common mistakes and how to avoid them
- Actionable steps you can implement immediately

### Pro Tips
1. **Start small** – Don''t try to implement everything at once
2. **Document as you go** – Keep notes on what works for your specific situation
3. **Ask VOPSy** – Your AI assistant can help clarify any concepts

### Coming Soon
We''re developing video content for this section. In the meantime, the text content provides everything you need to succeed.', NULL, 'text', 1, 15, '2026-01-23T00:06:15.022349+00:00', '2026-01-23T00:42:57.760156+00:00');
INSERT INTO public.course_lessons (id, course_id, title, content, video_url, lesson_type, order_index, duration_minutes, created_at, updated_at) VALUES ('03c146ee-dfb5-4306-9e65-6baf0d63d971', '5ad22063-c496-4593-a6b4-9add6944eea2', 'Deep Dive Video', '## Key Concepts Review

This section summarizes the essential takeaways from this course module.

### What We Covered
- Core principles and their real-world applications
- Common mistakes and how to avoid them
- Actionable steps you can implement immediately

### Pro Tips
1. **Start small** – Don''t try to implement everything at once
2. **Document as you go** – Keep notes on what works for your specific situation
3. **Ask VOPSy** – Your AI assistant can help clarify any concepts

### Coming Soon
We''re developing video content for this section. In the meantime, the text content provides everything you need to succeed.', NULL, 'text', 1, 15, '2026-01-23T00:06:15.022349+00:00', '2026-01-23T00:42:57.760156+00:00');
INSERT INTO public.course_lessons (id, course_id, title, content, video_url, lesson_type, order_index, duration_minutes, created_at, updated_at) VALUES ('2d44f039-263f-4783-8025-40918be5fee4', 'ee69234c-1db9-42f0-ac9c-d89112ca48f4', 'Deep Dive Video', '## Key Concepts Review

This section summarizes the essential takeaways from this course module.

### What We Covered
- Core principles and their real-world applications
- Common mistakes and how to avoid them
- Actionable steps you can implement immediately

### Pro Tips
1. **Start small** – Don''t try to implement everything at once
2. **Document as you go** – Keep notes on what works for your specific situation
3. **Ask VOPSy** – Your AI assistant can help clarify any concepts

### Coming Soon
We''re developing video content for this section. In the meantime, the text content provides everything you need to succeed.', NULL, 'text', 1, 15, '2026-01-23T00:06:15.022349+00:00', '2026-01-23T00:42:57.760156+00:00');
INSERT INTO public.course_lessons (id, course_id, title, content, video_url, lesson_type, order_index, duration_minutes, created_at, updated_at) VALUES ('f4b040f5-48e8-419b-a7de-f2a0767b679a', '50990e53-4fac-4d69-bab4-bac8e94b0420', 'Deep Dive Video', '## Key Concepts Review

This section summarizes the essential takeaways from this course module.

### What We Covered
- Core principles and their real-world applications
- Common mistakes and how to avoid them
- Actionable steps you can implement immediately

### Pro Tips
1. **Start small** – Don''t try to implement everything at once
2. **Document as you go** – Keep notes on what works for your specific situation
3. **Ask VOPSy** – Your AI assistant can help clarify any concepts

### Coming Soon
We''re developing video content for this section. In the meantime, the text content provides everything you need to succeed.', NULL, 'text', 1, 15, '2026-01-23T00:06:15.022349+00:00', '2026-01-23T00:42:57.760156+00:00');
INSERT INTO public.course_lessons (id, course_id, title, content, video_url, lesson_type, order_index, duration_minutes, created_at, updated_at) VALUES ('cdb9cd25-f813-4c84-a759-ca17deeb0390', '3753b87c-48a9-403b-be69-d654a8fa5f61', 'Ideation to Validation: Is Your Idea Viable?', '### The Solopreneur Mindset
Opening a business is often romanticized as a ''leap of faith.'' For a successful solopreneur, it is actually a series of calculated steps. The biggest mistake beginners make is building a product or service in a vacuum, only to realize no one wants to pay for it.

### Finding Your ''Sweet Spot''
Your business should ideally sit at the intersection of: 
1. **Your Skills:** What are you naturally good at?
2. **Market Demand:** What are people currently searching for or complaining about?
3. **Profitability:** Will people pay a price that covers your costs and time?

### The MVP (Minimum Viable Product) Method
Instead of building a full website or renting an office, start with an MVP. If you want to be a freelance graphic designer, your MVP isn''t a 20-page portfolio; it''s one high-quality case study shared on LinkedIn to see if anyone clicks. Validation comes from **data**, not from friends and family telling you it’s a ''great idea.''

### Competitor Research
Don''t be discouraged by competition. Competition is proof of a market. Look at your competitors'' 1-star reviews. These reviews are a goldmine—they tell you exactly what customers are missing. Use these gaps to define your Unique Selling Proposition (USP).', '/src/assets/videos/lesson-ideation-validation.mp4', 'video', 0, 25, '2026-01-21T23:30:12.495619+00:00', '2026-01-23T00:47:57.996828+00:00');
INSERT INTO public.course_lessons (id, course_id, title, content, video_url, lesson_type, order_index, duration_minutes, created_at, updated_at) VALUES ('59c83a77-12ac-4035-8f2c-36ea14a73409', '3753b87c-48a9-403b-be69-d654a8fa5f61', 'Money Matters: Banking and Taxes', '### The Golden Rule: Separation
Mixing personal and business expenses is known as ''commingling.'' This can jeopardize your LLC protection and make tax season a nightmare. 

### Set Up Your Financial Stack
1.  **Business Checking Account:** Once you have your EIN, open a dedicated account. Use this for *every* business expense, from software subscriptions to postage.
2.  **Bookkeeping Software:** Use tools like QuickBooks, FreshBooks, or even a dedicated ''Business spreadsheet.'' 
3.  **The Tax Trap:** As a solopreneur, no one is withholding taxes from your paycheck. A good rule of thumb is to set aside **25-30%** of every dollar you earn into a separate ''Tax Savings'' account. 

### Understanding Deductions
A business expense is anything ''ordinary and necessary'' for your trade. This includes home office portions, marketing, and professional development. Keep receipts for everything over $75 (though keeping all of them is better).', '/src/assets/videos/lesson-money-taxes.mp4', 'video', 2, 20, '2026-01-21T23:30:13.601241+00:00', '2026-01-23T00:47:57.996828+00:00');
INSERT INTO public.course_lessons (id, course_id, title, content, video_url, lesson_type, order_index, duration_minutes, created_at, updated_at) VALUES ('d9db66a2-0bc0-416c-8604-a9c075a3cf22', '3753b87c-48a9-403b-be69-d654a8fa5f61', 'Building a Minimalist Brand', '### Branding is Not Just a Logo
Your brand is the ''gut feeling'' someone has about your business. For a solopreneur, your brand is built on **Consistency** and **Trust**.

### The Visual Essentials
1.  **Color Palette:** Pick 2-3 colors. Use a tool like Coolors.co to find matching shades.
2.  **Typography:** Choose one ''Heading'' font and one ''Body'' font. Keep it simple.
3.  **Logo:** Use Canva or Adobe Express. Avoid complex icons; a clean ''Wordmark'' (your name in a nice font) often looks more professional than a cheap-looking clipart logo.

### Your Digital Headquarters
You don''t need a complex 10-page website. A high-converting **One-Page Site** (Landing Page) is enough. It should include:
*   A Headline (What you do + Who it''s for)
*   The Problem you solve
*   Your Process (How it works)
*   Social Proof (Testimonials or Portfolio)
*   A clear Call to Action (CTA) (e.g., ''Book a Call'').', '/src/assets/videos/lesson-brand-building.mp4', 'video', 3, 30, '2026-01-21T23:30:14.060565+00:00', '2026-01-23T00:47:57.996828+00:00');

-- Insert quizzes
INSERT INTO public.course_quizzes (id, lesson_id, question, question_type, options, correct_answer, explanation, order_index, created_at) VALUES ('b44b685b-c1ba-411f-82d8-329371568320', 'cdb9cd25-f813-4c84-a759-ca17deeb0390', 'What is the primary goal of a Minimum Viable Product (MVP)?', 'multiple_choice', '["To generate maximum profit immediately", "To test your core business assumption with the least effort", "To impress investors with a finished product", "To provide a free service to everyone"]', 'To test your core business assumption with the least effort', 'An MVP is designed to validate your idea with real users before you commit heavy resources.', 0, '2026-01-21T23:30:12.710847+00:00');
INSERT INTO public.course_quizzes (id, lesson_id, question, question_type, options, correct_answer, explanation, order_index, created_at) VALUES ('b4193eb9-664b-4612-9bf4-f00d11a89590', 'cdb9cd25-f813-4c84-a759-ca17deeb0390', 'Where is the best place to find ''gaps'' in the market?', 'multiple_choice', '["Your own imagination", "Highly positive 5-star reviews of competitors", "Critical 1-3 star reviews of competitors", "Academic textbooks"]', 'Critical 1-3 star reviews of competitors', 'Critical reviews highlight what current customers are frustrated with, providing an opportunity for you to solve that specific problem.', 1, '2026-01-21T23:30:12.880815+00:00');
INSERT INTO public.course_quizzes (id, lesson_id, question, question_type, options, correct_answer, explanation, order_index, created_at) VALUES ('267a82b1-d15a-4159-957b-255fce5ebe8d', 'c9e93fa5-684a-41b0-b1cc-018c2385f462', 'What is the main benefit of an LLC over a Sole Proprietorship?', 'multiple_choice', '["Lower taxes", "It is free to set up in every state", "Personal asset protection", "You don''t need a business name"]', 'Personal asset protection', 'An LLC separates your personal assets from the business''s legal and financial liabilities.', 0, '2026-01-21T23:30:13.227244+00:00');
INSERT INTO public.course_quizzes (id, lesson_id, question, question_type, options, correct_answer, explanation, order_index, created_at) VALUES ('fe78a297-c353-4090-9219-30b2ab34a9ee', 'c9e93fa5-684a-41b0-b1cc-018c2385f462', 'What is an EIN used for?', 'multiple_choice', '["Registering a domain name", "Opening a business bank account and filing business taxes", "Getting a discount on office supplies", "Protecting your logo trademark"]', 'Opening a business bank account and filing business taxes', 'An EIN is an IRS-issued number that identifies your business for tax purposes.', 1, '2026-01-21T23:30:13.397227+00:00');
INSERT INTO public.course_quizzes (id, lesson_id, question, question_type, options, correct_answer, explanation, order_index, created_at) VALUES ('11daa3f7-cbc4-486f-96d5-b37e7a0c869e', '59c83a77-12ac-4035-8f2c-36ea14a73409', 'What percentage of revenue is generally recommended for a solopreneur to save for taxes?', 'multiple_choice', '["5%", "10%", "25-30%", "50%"]', '25-30%', 'Setting aside nearly a third of income ensures you can cover self-employment taxes and income taxes at year-end.', 0, '2026-01-21T23:30:13.75628+00:00');
INSERT INTO public.course_quizzes (id, lesson_id, question, question_type, options, correct_answer, explanation, order_index, created_at) VALUES ('58ab508f-e638-4f0e-8cef-d93f8a728d1e', '59c83a77-12ac-4035-8f2c-36ea14a73409', 'What is ''commingling''?', 'multiple_choice', '["Networking with other business owners", "Mixing personal and business finances", "Combining two different business ideas", "Selling products in two different states"]', 'Mixing personal and business finances', 'Commingling makes accounting difficult and can lead to legal issues regarding your business''s liability protection.', 1, '2026-01-21T23:30:13.919266+00:00');
INSERT INTO public.course_quizzes (id, lesson_id, question, question_type, options, correct_answer, explanation, order_index, created_at) VALUES ('891ed169-d24a-4526-a4fa-67ced6fa4450', 'd9db66a2-0bc0-416c-8604-a9c075a3cf22', 'What is the most important element of a solopreneur''s website?', 'multiple_choice', '["An ''About Me'' section that is 1,000 words long", "A clear Call to Action (CTA)", "Background music", "Flashy animations"]', 'A clear Call to Action (CTA)', 'A website''s job is to get the visitor to take the next step, whether that''s buying a product or booking a consultation.', 0, '2026-01-21T23:30:14.207719+00:00');
INSERT INTO public.course_quizzes (id, lesson_id, question, question_type, options, correct_answer, explanation, order_index, created_at) VALUES ('4eeb5869-95e9-4094-8322-001d79c50673', 'd9db66a2-0bc0-416c-8604-a9c075a3cf22', 'What is a ''Wordmark'' logo?', 'multiple_choice', '["A logo that uses an abstract shape", "A logo consisting solely of the business name in a specific font", "A logo that includes a mascot", "A logo hidden in a paragraph of text"]', 'A logo consisting solely of the business name in a specific font', 'Wordmarks (like Google or Visa) are professional, clean, and easier for beginners to design effectively.', 1, '2026-01-21T23:30:14.362586+00:00');
INSERT INTO public.course_quizzes (id, lesson_id, question, question_type, options, correct_answer, explanation, order_index, created_at) VALUES ('6874fed6-9192-4a62-ac2c-8c22740d0a57', 'f3bfe0c9-705c-4fa9-9470-aad105caaa99', 'What is the ''Warm Market''?', 'multiple_choice', '["Customers in tropical climates", "People who are currently looking at your website", "Your existing network of friends, family, and former colleagues", "People who have already bought from you twice"]', 'Your existing network of friends, family, and former colleagues', 'Your warm market is the easiest place to start because there is already a baseline level of trust.', 0, '2026-01-21T23:30:14.681768+00:00');
INSERT INTO public.course_quizzes (id, lesson_id, question, question_type, options, correct_answer, explanation, order_index, created_at) VALUES ('39154227-bcc8-4b81-a6a9-d682c29b43df', 'f3bfe0c9-705c-4fa9-9470-aad105caaa99', 'In a sales conversation, what should you do most of the time?', 'multiple_choice', '["Talk about your qualifications", "Show a PowerPoint presentation", "Listen and ask questions about the client''s needs", "Negotiate the price down"]', 'Listen and ask questions about the client''s needs', 'Effective selling is about understanding the customer''s problem so you can position your business as the solution.', 1, '2026-01-21T23:30:14.843833+00:00');
INSERT INTO public.course_quizzes (id, lesson_id, question, question_type, options, correct_answer, explanation, order_index, created_at) VALUES ('53efe143-3784-41b7-95e6-934c84c396b5', '41ca9a98-7b11-4de5-b57b-20bad8384213', 'What is the main principle of "The Mom Test" for validating ideas?', 'multiple_choice', '["Ask if people think your idea is good", "Ask about their actual behavior and past experiences", "Only ask family members for feedback", "Focus on future predictions"]', 'Ask about their actual behavior and past experiences', 'The Mom Test teaches you to avoid asking leading questions about your idea. Instead, learn about real problems people have experienced and how they currently solve them.', 0, '2026-01-23T00:29:46.078852+00:00');
INSERT INTO public.course_quizzes (id, lesson_id, question, question_type, options, correct_answer, explanation, order_index, created_at) VALUES ('f94d7db8-3239-4932-bc30-bbeb0c0dd217', 'd072d997-eed2-4315-b540-bf1b2d55ab96', 'Which pricing strategy is recommended for new businesses?', 'multiple_choice', '["Cost-plus pricing", "Competitor matching", "Value-based pricing", "Lowest price possible"]', 'Value-based pricing', 'Value-based pricing focuses on what the problem is worth solving to your customer, not just your costs. This typically leads to healthier margins and better positioning.', 0, '2026-01-23T00:29:46.078852+00:00');
INSERT INTO public.course_quizzes (id, lesson_id, question, question_type, options, correct_answer, explanation, order_index, created_at) VALUES ('ddc411da-c5e8-49cf-a873-bd87bff033d0', '35032578-de17-4633-9283-de160e574b4f', 'What should you lead with in your pitch?', 'multiple_choice', '["Your solution and features", "The problem you solve", "Your team credentials", "Financial projections"]', 'The problem you solve', 'Leading with the problem creates emotional connection and context. Investors and customers need to feel the pain before they can appreciate your solution.', 0, '2026-01-23T00:29:46.078852+00:00');
INSERT INTO public.course_quizzes (id, lesson_id, question, question_type, options, correct_answer, explanation, order_index, created_at) VALUES ('2422b4d7-c447-4ac7-8e23-8bc32a201fa8', '0f68e75a-e903-4882-9505-eb113d8b90dd', 'What is a key advantage of bootstrapping your business?', 'multiple_choice', '["Faster growth", "Full ownership and no dilution", "Access to investor networks", "Less personal risk"]', 'Full ownership and no dilution', 'Bootstrapping means you keep 100% ownership and control. While growth may be slower, you don''t give up equity or answer to outside investors.', 0, '2026-01-23T00:29:46.078852+00:00');
INSERT INTO public.course_quizzes (id, lesson_id, question, question_type, options, correct_answer, explanation, order_index, created_at) VALUES ('d276e3ab-820d-49b9-9f4c-6963398d57db', '08781abb-662f-4342-800d-ee5d62f37935', 'According to the 30-day plan, what should you complete in Week 1?', 'multiple_choice', '["Build your MVP", "Register your business", "Complete 10 customer interviews", "Apply to grants"]', 'Complete 10 customer interviews', 'Week 1 focuses on validation - talking to real potential customers to confirm your assumptions before investing in building or legal setup.', 0, '2026-01-23T00:29:46.078852+00:00');
